2026-01-14T07:55:07+00:00 wp_footer fired
2026-01-14T07:55:07+00:00 current_user_id=1
2026-01-14T07:55:07+00:00 assigned_meta='19'
2026-01-14T07:55:07+00:00 not_assigned current=1 assigned='19'
2026-01-14T07:56:28+00:00 wp_footer fired
2026-01-14T07:56:28+00:00 no user logged in
2026-01-14T07:56:37+00:00 wp_footer fired
2026-01-14T07:56:37+00:00 no user logged in
2026-01-14T07:56:43+00:00 wp_footer fired
2026-01-14T07:56:43+00:00 no user logged in
2026-01-14T07:56:55+00:00 wp_footer fired
2026-01-14T07:56:55+00:00 current_user_id=19
2026-01-14T07:56:55+00:00 assigned_meta='19'
2026-01-14T07:56:55+00:00 showed_alert_and_banner
2026-01-14T08:17:38+00:00 wp_footer fired
2026-01-14T08:17:38+00:00 current_user_id=1
2026-01-14T08:17:38+00:00 assigned_meta='19'
2026-01-14T08:17:38+00:00 not_assigned current=1 assigned='19'
2026-01-14T08:17:48+00:00 wp_footer fired
2026-01-14T08:17:48+00:00 no user logged in
2026-01-14T08:17:54+00:00 wp_footer fired
2026-01-14T08:17:54+00:00 no user logged in
2026-01-14T08:17:59+00:00 wp_footer fired
2026-01-14T08:17:59+00:00 no user logged in
2026-01-14T08:18:29+00:00 wp_footer fired
2026-01-14T08:18:29+00:00 current_user_id=19
2026-01-14T08:18:29+00:00 assigned_meta='19'
2026-01-14T08:18:29+00:00 showed_alert_and_banner
2026-01-14T08:18:42+00:00 wp_footer fired
2026-01-14T08:18:42+00:00 no user logged in
2026-01-14T08:18:51+00:00 wp_footer fired
2026-01-14T08:18:51+00:00 no user logged in
2026-01-14T08:18:56+00:00 wp_footer fired
2026-01-14T08:18:56+00:00 no user logged in
2026-01-14T08:19:11+00:00 wp_footer fired
2026-01-14T08:19:11+00:00 current_user_id=18
2026-01-14T08:19:11+00:00 assigned_meta='19'
2026-01-14T08:19:11+00:00 not_assigned current=18 assigned='19'
2026-01-14T09:26:07+00:00 wp_footer fired
2026-01-14T09:26:07+00:00 no user logged in
2026-01-14T09:36:59+00:00 wp_footer fired
2026-01-14T09:36:59+00:00 no user logged in
2026-01-14T09:37:05+00:00 wp_footer fired
2026-01-14T09:37:05+00:00 no user logged in
2026-01-14T09:37:26+00:00 wp_footer fired
2026-01-14T09:37:26+00:00 current_user_id=19
2026-01-14T09:37:26+00:00 assigned_meta='19'
2026-01-14T09:37:26+00:00 showed_alert_and_banner
2026-01-14T09:48:03+00:00 wp_footer fired
2026-01-14T09:48:03+00:00 no user logged in
2026-01-14T09:48:14+00:00 wp_footer fired
2026-01-14T09:48:14+00:00 no user logged in
2026-01-14T09:48:20+00:00 wp_footer fired
2026-01-14T09:48:20+00:00 no user logged in
2026-01-14T09:48:37+00:00 wp_footer fired
2026-01-14T09:48:37+00:00 current_user_id=19
2026-01-14T09:48:37+00:00 assigned_meta='19'
2026-01-14T09:48:37+00:00 showed_alert_and_banner
2026-01-15T01:00:48+00:00 wp_footer fired
2026-01-15T01:00:48+00:00 no user logged in
2026-01-15T01:00:51+00:00 wp_footer fired
2026-01-15T01:00:51+00:00 no user logged in
2026-01-15T01:01:10+00:00 wp_footer fired
2026-01-15T01:01:10+00:00 no user logged in
2026-01-15T01:01:16+00:00 wp_footer fired
2026-01-15T01:01:16+00:00 no user logged in
2026-01-15T01:33:04+00:00 wp_footer fired
2026-01-15T01:33:04+00:00 no user logged in
2026-01-15T01:34:11+00:00 wp_footer fired
2026-01-15T01:34:11+00:00 no user logged in
2026-01-15T01:34:17+00:00 wp_footer fired
2026-01-15T01:34:17+00:00 no user logged in
2026-01-15T01:34:34+00:00 wp_footer fired
2026-01-15T01:34:34+00:00 current_user_id=18
2026-01-15T01:34:34+00:00 assigned_meta='19'
2026-01-15T01:34:34+00:00 not_assigned current=18 assigned='19'
2026-01-15T01:34:56+00:00 wp_footer fired
2026-01-15T01:34:56+00:00 no user logged in
2026-01-15T01:35:01+00:00 wp_footer fired
2026-01-15T01:35:01+00:00 no user logged in
2026-01-15T01:35:55+00:00 wp_footer fired
2026-01-15T01:35:55+00:00 current_user_id=19
2026-01-15T01:35:55+00:00 assigned_meta='19'
2026-01-15T01:35:55+00:00 showed_alert_and_banner
2026-01-15T04:21:10+00:00 wp_footer fired
2026-01-15T04:21:10+00:00 no user logged in
2026-01-15T04:21:13+00:00 wp_footer fired
2026-01-15T04:21:13+00:00 no user logged in
2026-01-15T04:21:15+00:00 wp_footer fired
2026-01-15T04:21:15+00:00 no user logged in
2026-01-16T01:00:02+00:00 wp_footer fired
2026-01-16T01:00:02+00:00 no user logged in
2026-01-16T01:07:00+00:00 wp_footer fired
2026-01-16T01:07:00+00:00 no user logged in
2026-01-16T01:07:06+00:00 wp_footer fired
2026-01-16T01:07:06+00:00 no user logged in
2026-01-16T01:07:27+00:00 wp_footer fired
2026-01-16T01:07:27+00:00 no user logged in
2026-01-16T01:07:37+00:00 wp_footer fired
2026-01-16T01:07:37+00:00 no user logged in
2026-01-16T01:08:24+00:00 wp_footer fired
2026-01-16T01:08:24+00:00 current_user_id=18
2026-01-16T01:08:24+00:00 assigned_meta='19'
2026-01-16T01:08:24+00:00 not_assigned current=18 assigned='19'
2026-01-16T01:08:43+00:00 wp_footer fired
2026-01-16T01:08:43+00:00 no user logged in
2026-01-16T01:08:49+00:00 wp_footer fired
2026-01-16T01:08:49+00:00 no user logged in
2026-01-16T01:09:10+00:00 wp_footer fired
2026-01-16T01:09:10+00:00 current_user_id=19
2026-01-16T01:09:10+00:00 assigned_meta='19'
2026-01-16T01:09:10+00:00 showed_alert_and_banner
2026-01-16T02:56:48+00:00 wp_footer fired
2026-01-16T02:56:48+00:00 no user logged in
2026-01-16T02:57:52+00:00 wp_footer fired
2026-01-16T02:57:52+00:00 no user logged in
2026-01-16T02:58:01+00:00 wp_footer fired
2026-01-16T02:58:01+00:00 no user logged in
2026-01-16T02:58:18+00:00 wp_footer fired
2026-01-16T02:58:18+00:00 no user logged in
2026-01-16T04:45:10+00:00 wp_footer fired
2026-01-16T04:45:10+00:00 no user logged in
2026-01-19T01:04:57+00:00 wp_footer fired
2026-01-19T01:04:57+00:00 no user logged in
2026-01-21T01:43:15+00:00 wp_footer fired
2026-01-21T01:43:15+00:00 no user logged in
2026-01-21T01:43:15+00:00 wp_footer fired
2026-01-21T01:43:15+00:00 no user logged in
2026-01-21T01:44:25+00:00 wp_footer fired
2026-01-21T01:44:25+00:00 no user logged in
2026-01-21T01:44:33+00:00 wp_footer fired
2026-01-21T01:44:33+00:00 no user logged in
2026-01-21T01:44:39+00:00 wp_footer fired
2026-01-21T01:44:39+00:00 no user logged in
2026-01-21T01:44:40+00:00 wp_footer fired
2026-01-21T01:44:40+00:00 no user logged in
2026-01-21T01:44:55+00:00 wp_footer fired
2026-01-21T01:44:55+00:00 no user logged in
2026-01-21T01:46:23+00:00 wp_footer fired
2026-01-21T01:46:23+00:00 no user logged in
2026-01-21T01:46:25+00:00 wp_footer fired
2026-01-21T01:46:25+00:00 no user logged in
2026-01-21T01:46:30+00:00 wp_footer fired
2026-01-21T01:46:30+00:00 no user logged in
2026-01-23T06:30:01+00:00 wp_footer fired
2026-01-23T06:30:01+00:00 no user logged in
2026-01-23T06:30:14+00:00 wp_footer fired
2026-01-23T06:30:14+00:00 no user logged in
2026-01-23T06:30:22+00:00 wp_footer fired
2026-01-23T06:30:22+00:00 no user logged in
2026-01-23T06:30:26+00:00 wp_footer fired
2026-01-23T06:30:26+00:00 no user logged in
2026-01-23T06:30:29+00:00 wp_footer fired
2026-01-23T06:30:29+00:00 no user logged in
2026-01-23T06:30:31+00:00 wp_footer fired
2026-01-23T06:30:31+00:00 no user logged in
2026-01-23T06:30:38+00:00 wp_footer fired
2026-01-23T06:30:38+00:00 no user logged in
2026-01-23T06:31:26+00:00 wp_footer fired
2026-01-23T06:31:26+00:00 no user logged in
2026-01-23T07:04:33+00:00 wp_footer fired
2026-01-23T07:04:33+00:00 current_user_id=1
2026-01-23T07:04:33+00:00 assigned_meta='19'
2026-01-23T07:04:33+00:00 not_assigned current=1 assigned='19'
2026-01-23T07:13:59+00:00 wp_footer fired
2026-01-23T07:13:59+00:00 current_user_id=1
2026-01-23T07:13:59+00:00 assigned_meta='19'
2026-01-23T07:13:59+00:00 not_assigned current=1 assigned='19'
2026-01-26T01:00:08+00:00 wp_footer fired
2026-01-26T01:00:08+00:00 no user logged in
2026-01-26T02:06:31+00:00 wp_footer fired
2026-01-26T02:06:31+00:00 no user logged in
2026-01-26T02:06:31+00:00 no user logged in
2026-01-26T07:09:54+00:00 wp_footer fired
2026-01-26T07:09:54+00:00 current_user_id=1
2026-01-26T07:09:54+00:00 assigned_meta='19'
2026-01-26T07:09:54+00:00 not_assigned current=1 assigned='19'
2026-01-26T07:10:26+00:00 wp_footer fired
2026-01-26T07:10:26+00:00 no user logged in
2026-01-26T09:41:31+00:00 wp_footer fired
2026-01-26T09:41:31+00:00 current_user_id=1
2026-01-26T09:41:31+00:00 current_user_id=1
2026-01-26T09:41:31+00:00 assigned_meta='19'
2026-01-26T09:41:31+00:00 assigned_meta='19'
2026-01-26T09:41:31+00:00 not_assigned current=1 assigned='19'
2026-01-27T00:58:47+00:00 wp_footer fired
2026-01-27T00:58:47+00:00 no user logged in
2026-01-27T00:58:55+00:00 wp_footer fired
2026-01-27T00:58:55+00:00 no user logged in
2026-01-27T01:23:42+00:00 wp_footer fired
2026-01-27T01:23:42+00:00 no user logged in
2026-01-27T05:37:11+00:00 wp_footer fired
2026-01-27T05:37:11+00:00 no user logged in
2026-01-28T01:00:16+00:00 wp_footer fired
2026-01-28T01:00:16+00:00 no user logged in
2026-01-28T01:00:48+00:00 wp_footer fired
2026-01-28T01:00:48+00:00 no user logged in
2026-01-29T00:56:14+00:00 wp_footer fired
2026-01-29T00:56:14+00:00 no user logged in
2026-01-29T00:58:54+00:00 wp_footer fired
2026-01-29T00:58:54+00:00 no user logged in
2026-01-29T04:18:16+00:00 wp_footer fired
2026-01-29T04:18:16+00:00 no user logged in
2026-01-29T04:18:19+00:00 wp_footer fired
2026-01-29T04:18:19+00:00 no user logged in
2026-01-29T04:18:21+00:00 wp_footer fired
2026-01-29T04:18:21+00:00 no user logged in
2026-01-29T07:26:30+00:00 wp_footer fired
2026-01-29T07:26:30+00:00 current_user_id=1
2026-01-29T07:26:30+00:00 assigned_meta='19'
2026-01-29T07:26:30+00:00 not_assigned current=1 assigned='19'
2026-01-30T00:56:37+00:00 wp_footer fired
2026-01-30T00:56:37+00:00 no user logged in
2026-01-30T00:56:37+00:00 wp_footer fired
2026-01-30T00:56:37+00:00 no user logged in
2026-01-30T01:11:05+00:00 wp_footer fired
2026-01-30T01:11:05+00:00 no user logged in
2026-01-30T01:37:08+00:00 wp_footer fired
2026-01-30T01:37:08+00:00 no user logged in
2026-01-30T01:37:16+00:00 wp_footer fired
2026-01-30T01:37:16+00:00 no user logged in
2026-01-30T01:37:59+00:00 wp_footer fired
2026-01-30T01:37:59+00:00 no user logged in
2026-01-30T01:40:18+00:00 wp_footer fired
2026-01-30T01:40:18+00:00 current_user_id=10
2026-01-30T01:40:18+00:00 assigned_meta='19'
2026-01-30T01:40:18+00:00 not_assigned current=10 assigned='19'
2026-01-30T01:40:24+00:00 wp_footer fired
2026-01-30T01:40:24+00:00 current_user_id=10
2026-01-30T01:40:24+00:00 assigned_meta='19'
2026-01-30T01:40:24+00:00 not_assigned current=10 assigned='19'
2026-01-30T01:40:31+00:00 wp_footer fired
2026-01-30T01:40:31+00:00 current_user_id=10
2026-01-30T01:40:31+00:00 assigned_meta='19'
2026-01-30T01:40:31+00:00 not_assigned current=10 assigned='19'
2026-01-30T01:40:44+00:00 wp_footer fired
2026-01-30T01:40:44+00:00 current_user_id=10
2026-01-30T01:40:44+00:00 assigned_meta='19'
2026-01-30T01:40:44+00:00 not_assigned current=10 assigned='19'
2026-01-30T02:55:30+00:00 wp_footer fired
2026-01-30T02:55:30+00:00 current_user_id=10
2026-01-30T02:55:30+00:00 assigned_meta='19'
2026-01-30T02:55:30+00:00 not_assigned current=10 assigned='19'
2026-01-30T02:55:37+00:00 wp_footer fired
2026-01-30T02:55:37+00:00 current_user_id=10
2026-01-30T02:55:37+00:00 assigned_meta='19'
2026-01-30T02:55:37+00:00 not_assigned current=10 assigned='19'
2026-01-30T06:38:59+00:00 wp_footer fired
2026-01-30T06:38:59+00:00 current_user_id=10
2026-01-30T06:38:59+00:00 assigned_meta='19'
2026-01-30T06:38:59+00:00 not_assigned current=10 assigned='19'
2026-01-30T06:46:55+00:00 wp_footer fired
2026-01-30T06:46:55+00:00 current_user_id=10
2026-01-30T06:46:55+00:00 assigned_meta='19'
2026-01-30T06:46:55+00:00 not_assigned current=10 assigned='19'
2026-01-30T07:04:11+00:00 wp_footer fired
2026-01-30T07:04:11+00:00 current_user_id=10
2026-01-30T07:04:11+00:00 assigned_meta='19'
2026-01-30T07:04:11+00:00 not_assigned current=10 assigned='19'
2026-01-30T07:04:19+00:00 wp_footer fired
2026-01-30T07:04:19+00:00 current_user_id=10
2026-01-30T07:04:19+00:00 assigned_meta='19'
2026-01-30T07:04:19+00:00 not_assigned current=10 assigned='19'
2026-01-30T07:05:55+00:00 wp_footer fired
2026-01-30T07:05:55+00:00 current_user_id=10
2026-01-30T07:05:55+00:00 assigned_meta='19'
2026-01-30T07:05:55+00:00 not_assigned current=10 assigned='19'
2026-01-30T07:12:36+00:00 wp_footer fired
2026-01-30T07:12:36+00:00 current_user_id=10
2026-01-30T07:12:36+00:00 assigned_meta='19'
2026-01-30T07:12:36+00:00 not_assigned current=10 assigned='19'
2026-01-30T07:16:33+00:00 wp_footer fired
2026-01-30T07:16:33+00:00 current_user_id=10
2026-01-30T07:16:33+00:00 assigned_meta='19'
2026-01-30T07:16:33+00:00 not_assigned current=10 assigned='19'
2026-01-30T07:16:42+00:00 wp_footer fired
2026-01-30T07:16:42+00:00 current_user_id=10
2026-01-30T07:16:42+00:00 assigned_meta='19'
2026-01-30T07:16:42+00:00 not_assigned current=10 assigned='19'
2026-01-30T07:17:07+00:00 wp_footer fired
2026-01-30T07:17:07+00:00 current_user_id=10
2026-01-30T07:17:07+00:00 assigned_meta='19'
2026-01-30T07:17:07+00:00 not_assigned current=10 assigned='19'
2026-01-30T07:21:08+00:00 wp_footer fired
2026-01-30T07:21:08+00:00 current_user_id=10
2026-01-30T07:21:08+00:00 assigned_meta='19'
2026-01-30T07:21:08+00:00 not_assigned current=10 assigned='19'
2026-01-30T10:16:56+00:00 wp_footer fired
2026-01-30T10:16:56+00:00 current_user_id=10
2026-01-30T10:16:56+00:00 assigned_meta='19'
2026-01-30T10:16:56+00:00 not_assigned current=10 assigned='19'
2026-01-30T10:22:45+00:00 wp_footer fired
2026-01-30T10:22:45+00:00 current_user_id=10
2026-01-30T10:22:45+00:00 assigned_meta='19'
2026-01-30T10:22:45+00:00 not_assigned current=10 assigned='19'
2026-01-31T01:01:27+00:00 wp_footer fired
2026-01-31T01:01:27+00:00 no user logged in
2026-01-31T01:06:17+00:00 wp_footer fired
2026-01-31T01:06:17+00:00 no user logged in
2026-01-31T01:39:57+00:00 wp_footer fired
2026-01-31T01:39:57+00:00 no user logged in
2026-01-31T02:26:45+00:00 wp_footer fired
2026-01-31T02:26:45+00:00 no user logged in
2026-01-31T02:38:23+00:00 wp_footer fired
2026-01-31T02:38:23+00:00 no user logged in
2026-01-31T02:41:19+00:00 wp_footer fired
2026-01-31T02:41:19+00:00 no user logged in
2026-01-31T02:48:45+00:00 wp_footer fired
2026-01-31T02:48:45+00:00 no user logged in
2026-01-31T02:48:57+00:00 wp_footer fired
2026-01-31T02:48:57+00:00 no user logged in
2026-01-31T02:52:04+00:00 wp_footer fired
2026-01-31T02:52:04+00:00 no user logged in
2026-01-31T04:07:18+00:00 wp_footer fired
2026-01-31T04:07:18+00:00 no user logged in
2026-01-31T06:50:05+00:00 wp_footer fired
2026-01-31T06:50:05+00:00 no user logged in
2026-01-31T07:01:06+00:00 wp_footer fired
2026-01-31T07:01:06+00:00 no user logged in
2026-01-31T07:01:22+00:00 wp_footer fired
2026-01-31T07:01:22+00:00 no user logged in
2026-01-31T07:01:43+00:00 wp_footer fired
2026-01-31T07:01:43+00:00 no user logged in
2026-01-31T07:01:52+00:00 wp_footer fired
2026-01-31T07:01:52+00:00 no user logged in
2026-01-31T07:01:52+00:00 wp_footer fired
2026-01-31T07:01:52+00:00 no user logged in
2026-01-31T07:07:36+00:00 wp_footer fired
2026-01-31T07:07:36+00:00 no user logged in
2026-01-31T07:07:41+00:00 wp_footer fired
2026-01-31T07:07:41+00:00 no user logged in
2026-01-31T07:07:41+00:00 wp_footer fired
2026-01-31T07:07:41+00:00 no user logged in
2026-01-31T07:08:08+00:00 wp_footer fired
2026-01-31T07:08:08+00:00 no user logged in
2026-01-31T07:08:08+00:00 no user logged in
2026-01-31T07:11:13+00:00 wp_footer fired
2026-01-31T07:11:13+00:00 no user logged in
2026-01-31T07:12:52+00:00 wp_footer fired
2026-01-31T07:12:52+00:00 no user logged in
2026-01-31T07:12:56+00:00 wp_footer fired
2026-01-31T07:12:56+00:00 no user logged in
2026-01-31T07:12:56+00:00 wp_footer fired
2026-01-31T07:12:56+00:00 no user logged in
2026-01-31T07:17:12+00:00 wp_footer fired
2026-01-31T07:17:12+00:00 no user logged in
2026-01-31T07:19:38+00:00 wp_footer fired
2026-01-31T07:19:38+00:00 no user logged in
2026-01-31T07:19:58+00:00 wp_footer fired
2026-01-31T07:19:58+00:00 no user logged in
2026-01-31T07:20:06+00:00 wp_footer fired
2026-01-31T07:20:06+00:00 no user logged in
2026-01-31T07:20:06+00:00 wp_footer fired
2026-01-31T07:20:06+00:00 no user logged in
2026-01-31T07:20:14+00:00 wp_footer fired
2026-01-31T07:20:14+00:00 no user logged in
2026-01-31T07:20:14+00:00 wp_footer fired
2026-01-31T07:20:14+00:00 no user logged in
2026-01-31T07:20:28+00:00 wp_footer fired
2026-01-31T07:20:28+00:00 no user logged in
2026-01-31T07:24:08+00:00 wp_footer fired
2026-01-31T07:24:08+00:00 no user logged in
2026-01-31T07:24:25+00:00 wp_footer fired
2026-01-31T07:24:25+00:00 no user logged in
2026-01-31T07:24:44+00:00 wp_footer fired
2026-01-31T07:24:44+00:00 no user logged in
2026-01-31T07:24:54+00:00 wp_footer fired
2026-01-31T07:24:54+00:00 no user logged in
2026-01-31T07:24:54+00:00 wp_footer fired
2026-01-31T07:24:54+00:00 no user logged in
2026-01-31T07:36:16+00:00 wp_footer fired
2026-01-31T07:36:16+00:00 no user logged in
2026-01-31T07:36:36+00:00 wp_footer fired
2026-01-31T07:36:36+00:00 no user logged in
2026-01-31T07:36:36+00:00 wp_footer fired
2026-01-31T07:36:36+00:00 no user logged in
2026-01-31T07:40:35+00:00 wp_footer fired
2026-01-31T07:40:35+00:00 no user logged in
2026-01-31T07:40:39+00:00 wp_footer fired
2026-01-31T07:40:39+00:00 no user logged in
2026-01-31T07:40:39+00:00 wp_footer fired
2026-01-31T07:40:39+00:00 no user logged in
2026-01-31T07:41:07+00:00 wp_footer fired
2026-01-31T07:41:07+00:00 no user logged in
2026-01-31T07:41:11+00:00 wp_footer fired
2026-01-31T07:41:11+00:00 no user logged in
2026-01-31T07:41:11+00:00 wp_footer fired
2026-01-31T07:41:11+00:00 no user logged in
2026-01-31T07:42:32+00:00 wp_footer fired
2026-01-31T07:42:32+00:00 no user logged in
2026-01-31T07:42:32+00:00 wp_footer fired
2026-01-31T07:42:32+00:00 no user logged in
2026-01-31T07:46:40+00:00 wp_footer fired
2026-01-31T07:46:40+00:00 no user logged in
2026-01-31T07:46:44+00:00 wp_footer fired
2026-01-31T07:46:44+00:00 no user logged in
2026-01-31T07:46:44+00:00 wp_footer fired
2026-01-31T07:46:44+00:00 no user logged in
2026-01-31T07:49:19+00:00 wp_footer fired
2026-01-31T07:49:19+00:00 wp_footer fired
2026-01-31T07:49:19+00:00 no user logged in
2026-01-31T07:49:19+00:00 no user logged in
2026-01-31T07:59:04+00:00 wp_footer fired
2026-01-31T07:59:04+00:00 no user logged in
2026-01-31T08:11:29+00:00 wp_footer fired
2026-01-31T08:11:29+00:00 no user logged in
2026-01-31T08:11:29+00:00 no user logged in
2026-01-31T08:20:47+00:00 wp_footer fired
2026-01-31T08:20:47+00:00 no user logged in
2026-01-31T08:35:44+00:00 wp_footer fired
2026-01-31T08:35:44+00:00 no user logged in
2026-01-31T08:36:07+00:00 wp_footer fired
2026-01-31T08:36:07+00:00 no user logged in
2026-01-31T08:36:12+00:00 wp_footer fired
2026-01-31T08:36:12+00:00 no user logged in
2026-01-31T09:26:43+00:00 wp_footer fired
2026-01-31T09:26:43+00:00 no user logged in
2026-01-31T09:34:16+00:00 wp_footer fired
2026-01-31T09:34:16+00:00 no user logged in
2026-01-31T09:34:16+00:00 no user logged in
2026-01-31T09:40:01+00:00 wp_footer fired
2026-01-31T09:40:01+00:00 no user logged in
2026-01-31T09:40:22+00:00 wp_footer fired
2026-01-31T09:40:22+00:00 no user logged in
2026-01-31T09:44:16+00:00 wp_footer fired
2026-01-31T09:44:16+00:00 no user logged in
2026-01-31T09:44:29+00:00 wp_footer fired
2026-01-31T09:44:29+00:00 wp_footer fired
2026-01-31T09:44:29+00:00 no user logged in
2026-01-31T09:44:29+00:00 no user logged in
2026-01-31T09:45:11+00:00 wp_footer fired
2026-01-31T09:45:11+00:00 no user logged in
2026-01-31T09:45:11+00:00 wp_footer fired
2026-01-31T09:45:11+00:00 no user logged in
2026-01-31T09:47:12+00:00 wp_footer fired
2026-01-31T09:47:12+00:00 no user logged in
2026-01-31T09:47:16+00:00 wp_footer fired
2026-01-31T09:47:16+00:00 no user logged in
2026-01-31T09:47:16+00:00 wp_footer fired
2026-01-31T09:47:16+00:00 no user logged in
2026-01-31T09:49:40+00:00 wp_footer fired
2026-01-31T09:49:40+00:00 no user logged in
2026-01-31T09:49:43+00:00 wp_footer fired
2026-01-31T09:49:43+00:00 wp_footer fired
2026-01-31T09:49:43+00:00 no user logged in
2026-01-31T09:49:43+00:00 no user logged in
2026-01-31T09:55:00+00:00 wp_footer fired
2026-01-31T09:55:00+00:00 no user logged in
2026-01-31T10:08:30+00:00 wp_footer fired
2026-01-31T10:08:30+00:00 no user logged in
2026-01-31T10:08:30+00:00 no user logged in
2026-01-31T10:15:44+00:00 wp_footer fired
2026-01-31T10:15:44+00:00 no user logged in
2026-01-31T10:15:49+00:00 wp_footer fired
2026-01-31T10:15:49+00:00 no user logged in
2026-01-31T10:15:49+00:00 wp_footer fired
2026-01-31T10:15:49+00:00 no user logged in
2026-01-31T10:17:43+00:00 wp_footer fired
2026-01-31T10:17:43+00:00 no user logged in
2026-01-31T10:17:47+00:00 wp_footer fired
2026-01-31T10:17:47+00:00 no user logged in
2026-01-31T10:17:48+00:00 wp_footer fired
2026-01-31T10:17:48+00:00 no user logged in
2026-01-31T10:18:47+00:00 wp_footer fired
2026-01-31T10:18:47+00:00 no user logged in
2026-01-31T10:18:51+00:00 wp_footer fired
2026-01-31T10:18:51+00:00 no user logged in
2026-01-31T10:18:58+00:00 wp_footer fired
2026-01-31T10:18:58+00:00 no user logged in
2026-01-31T10:18:58+00:00 wp_footer fired
2026-01-31T10:18:58+00:00 no user logged in
2026-01-31T10:22:32+00:00 wp_footer fired
2026-01-31T10:22:32+00:00 no user logged in
2026-01-31T10:22:36+00:00 wp_footer fired
2026-01-31T10:22:36+00:00 no user logged in
2026-01-31T10:22:36+00:00 wp_footer fired
2026-01-31T10:22:36+00:00 no user logged in
2026-01-31T10:22:42+00:00 wp_footer fired
2026-01-31T10:22:42+00:00 no user logged in
2026-01-31T10:26:18+00:00 wp_footer fired
2026-01-31T10:26:18+00:00 no user logged in
2026-01-31T10:26:42+00:00 wp_footer fired
2026-01-31T10:26:42+00:00 no user logged in
2026-02-02T01:00:11+00:00 wp_footer fired
2026-02-02T01:00:11+00:00 no user logged in
2026-02-02T01:05:27+00:00 wp_footer fired
2026-02-02T01:05:27+00:00 no user logged in
2026-02-02T01:05:55+00:00 wp_footer fired
2026-02-02T01:05:55+00:00 no user logged in
2026-02-02T01:17:06+00:00 wp_footer fired
2026-02-02T01:17:06+00:00 no user logged in
2026-02-02T01:17:06+00:00 no user logged in
2026-02-02T01:29:08+00:00 wp_footer fired
2026-02-02T01:29:08+00:00 no user logged in
2026-02-02T01:29:12+00:00 wp_footer fired
2026-02-02T01:29:12+00:00 no user logged in
2026-02-02T01:29:12+00:00 wp_footer fired
2026-02-02T01:29:12+00:00 no user logged in
2026-02-02T01:30:49+00:00 wp_footer fired
2026-02-02T01:30:49+00:00 no user logged in
2026-02-02T01:31:00+00:00 wp_footer fired
2026-02-02T01:31:00+00:00 no user logged in
2026-02-02T01:31:00+00:00 wp_footer fired
2026-02-02T01:31:00+00:00 no user logged in
2026-02-02T01:34:38+00:00 wp_footer fired
2026-02-02T01:34:38+00:00 no user logged in
2026-02-02T01:34:58+00:00 wp_footer fired
2026-02-02T01:34:58+00:00 no user logged in
2026-02-02T01:34:58+00:00 wp_footer fired
2026-02-02T01:34:58+00:00 no user logged in
2026-02-02T01:36:29+00:00 wp_footer fired
2026-02-02T01:36:29+00:00 no user logged in
2026-02-02T01:36:34+00:00 wp_footer fired
2026-02-02T01:36:34+00:00 no user logged in
2026-02-02T01:36:37+00:00 wp_footer fired
2026-02-02T01:36:37+00:00 no user logged in
2026-02-02T01:38:53+00:00 wp_footer fired
2026-02-02T01:38:53+00:00 no user logged in
2026-02-02T01:38:57+00:00 wp_footer fired
2026-02-02T01:38:57+00:00 no user logged in
2026-02-02T01:38:57+00:00 wp_footer fired
2026-02-02T01:38:57+00:00 no user logged in
2026-02-02T01:41:22+00:00 wp_footer fired
2026-02-02T01:41:22+00:00 no user logged in
2026-02-02T01:41:26+00:00 wp_footer fired
2026-02-02T01:41:26+00:00 wp_footer fired
2026-02-02T01:41:26+00:00 no user logged in
2026-02-02T01:41:26+00:00 no user logged in
2026-02-02T01:41:29+00:00 wp_footer fired
2026-02-02T01:41:29+00:00 no user logged in
2026-02-02T01:41:32+00:00 wp_footer fired
2026-02-02T01:41:32+00:00 no user logged in
2026-02-02T01:41:37+00:00 wp_footer fired
2026-02-02T01:41:37+00:00 no user logged in
2026-02-02T01:51:05+00:00 wp_footer fired
2026-02-02T01:51:05+00:00 no user logged in
2026-02-02T01:51:12+00:00 wp_footer fired
2026-02-02T01:51:12+00:00 no user logged in
2026-02-02T01:51:12+00:00 no user logged in
2026-02-02T01:53:49+00:00 wp_footer fired
2026-02-02T01:53:49+00:00 no user logged in
2026-02-02T01:53:53+00:00 wp_footer fired
2026-02-02T01:53:53+00:00 no user logged in
2026-02-02T01:53:53+00:00 wp_footer fired
2026-02-02T01:53:53+00:00 no user logged in
2026-02-02T01:56:20+00:00 wp_footer fired
2026-02-02T01:56:20+00:00 no user logged in
2026-02-02T01:57:26+00:00 wp_footer fired
2026-02-02T01:57:26+00:00 no user logged in
2026-02-02T02:19:41+00:00 wp_footer fired
2026-02-02T02:19:41+00:00 no user logged in
2026-02-02T02:48:29+00:00 wp_footer fired
2026-02-02T02:48:29+00:00 no user logged in
2026-02-02T03:36:17+00:00 wp_footer fired
2026-02-02T03:36:17+00:00 no user logged in
2026-02-02T03:36:26+00:00 wp_footer fired
2026-02-02T03:36:26+00:00 no user logged in
2026-02-02T03:36:51+00:00 wp_footer fired
2026-02-02T03:36:51+00:00 current_user_id=10
2026-02-02T03:36:51+00:00 assigned_meta='19'
2026-02-02T03:36:51+00:00 not_assigned current=10 assigned='19'
2026-02-02T03:37:39+00:00 wp_footer fired
2026-02-02T03:37:39+00:00 current_user_id=10
2026-02-02T03:37:39+00:00 assigned_meta='19'
2026-02-02T03:37:39+00:00 not_assigned current=10 assigned='19'
2026-02-02T03:37:39+00:00 wp_footer fired
2026-02-02T03:37:39+00:00 current_user_id=10
2026-02-02T03:37:39+00:00 assigned_meta='19'
2026-02-02T03:37:39+00:00 not_assigned current=10 assigned='19'
2026-02-02T03:41:56+00:00 wp_footer fired
2026-02-02T03:41:56+00:00 current_user_id=1
2026-02-02T03:41:56+00:00 assigned_meta='19'
2026-02-02T03:41:56+00:00 not_assigned current=1 assigned='19'
2026-02-02T03:43:29+00:00 wp_footer fired
2026-02-02T03:43:29+00:00 current_user_id=10
2026-02-02T03:43:29+00:00 assigned_meta='19'
2026-02-02T03:43:29+00:00 not_assigned current=10 assigned='19'
2026-02-02T03:43:35+00:00 wp_footer fired
2026-02-02T03:43:35+00:00 current_user_id=10
2026-02-02T03:43:35+00:00 current_user_id=10
2026-02-02T03:43:35+00:00 assigned_meta='19'
2026-02-02T03:43:35+00:00 not_assigned current=10 assigned='19'
2026-02-02T03:43:35+00:00 assigned_meta='19'
2026-02-02T03:43:35+00:00 not_assigned current=10 assigned='19'
2026-02-02T04:25:04+00:00 wp_footer fired
2026-02-02T04:25:04+00:00 current_user_id=10
2026-02-02T04:25:04+00:00 assigned_meta='19'
2026-02-02T04:25:04+00:00 not_assigned current=10 assigned='19'
2026-02-02T04:25:09+00:00 wp_footer fired
2026-02-02T04:25:09+00:00 current_user_id=10
2026-02-02T04:25:09+00:00 assigned_meta='19'
2026-02-02T04:25:09+00:00 not_assigned current=10 assigned='19'
2026-02-02T04:59:46+00:00 wp_footer fired
2026-02-02T04:59:46+00:00 current_user_id=10
2026-02-02T04:59:46+00:00 assigned_meta='19'
2026-02-02T04:59:46+00:00 not_assigned current=10 assigned='19'
2026-02-02T05:00:04+00:00 wp_footer fired
2026-02-02T05:00:04+00:00 current_user_id=10
2026-02-02T05:00:04+00:00 assigned_meta='19'
2026-02-02T05:00:04+00:00 not_assigned current=10 assigned='19'
2026-02-02T05:17:39+00:00 wp_footer fired
2026-02-02T05:17:39+00:00 current_user_id=10
2026-02-02T05:17:39+00:00 assigned_meta='19'
2026-02-02T05:17:39+00:00 not_assigned current=10 assigned='19'
2026-02-02T05:37:32+00:00 wp_footer fired
2026-02-02T05:37:32+00:00 current_user_id=10
2026-02-02T05:37:32+00:00 assigned_meta='19'
2026-02-02T05:37:32+00:00 not_assigned current=10 assigned='19'
2026-02-02T06:41:18+00:00 wp_footer fired
2026-02-02T06:41:18+00:00 current_user_id=10
2026-02-02T06:41:18+00:00 assigned_meta='19'
2026-02-02T06:41:18+00:00 not_assigned current=10 assigned='19'
2026-02-02T06:52:44+00:00 wp_footer fired
2026-02-02T06:52:44+00:00 current_user_id=10
2026-02-02T06:52:44+00:00 assigned_meta='19'
2026-02-02T06:52:44+00:00 not_assigned current=10 assigned='19'
2026-02-02T06:52:56+00:00 wp_footer fired
2026-02-02T06:52:56+00:00 current_user_id=10
2026-02-02T06:52:56+00:00 assigned_meta='19'
2026-02-02T06:52:56+00:00 not_assigned current=10 assigned='19'
2026-02-02T06:52:56+00:00 wp_footer fired
2026-02-02T06:52:56+00:00 current_user_id=10
2026-02-02T06:52:56+00:00 assigned_meta='19'
2026-02-02T06:52:56+00:00 not_assigned current=10 assigned='19'
2026-02-02T06:54:31+00:00 wp_footer fired
2026-02-02T06:54:31+00:00 current_user_id=10
2026-02-02T06:54:31+00:00 assigned_meta='19'
2026-02-02T06:54:31+00:00 not_assigned current=10 assigned='19'
2026-02-02T06:54:35+00:00 wp_footer fired
2026-02-02T06:54:35+00:00 current_user_id=10
2026-02-02T06:54:35+00:00 assigned_meta='19'
2026-02-02T06:54:35+00:00 not_assigned current=10 assigned='19'
2026-02-02T06:54:36+00:00 wp_footer fired
2026-02-02T06:54:36+00:00 current_user_id=10
2026-02-02T06:54:36+00:00 assigned_meta='19'
2026-02-02T06:54:36+00:00 not_assigned current=10 assigned='19'
2026-02-02T07:21:22+00:00 wp_footer fired
2026-02-02T07:21:22+00:00 current_user_id=10
2026-02-02T07:21:22+00:00 assigned_meta='19'
2026-02-02T07:21:22+00:00 not_assigned current=10 assigned='19'
2026-02-02T07:21:26+00:00 wp_footer fired
2026-02-02T07:21:26+00:00 current_user_id=10
2026-02-02T07:21:26+00:00 assigned_meta='19'
2026-02-02T07:21:26+00:00 not_assigned current=10 assigned='19'
2026-02-02T07:21:26+00:00 wp_footer fired
2026-02-02T07:21:26+00:00 current_user_id=10
2026-02-02T07:21:26+00:00 assigned_meta='19'
2026-02-02T07:21:26+00:00 not_assigned current=10 assigned='19'
2026-02-02T07:21:45+00:00 wp_footer fired
2026-02-02T07:21:45+00:00 current_user_id=10
2026-02-02T07:21:45+00:00 assigned_meta='19'
2026-02-02T07:21:45+00:00 not_assigned current=10 assigned='19'
2026-02-02T07:21:48+00:00 wp_footer fired
2026-02-02T07:21:48+00:00 current_user_id=10
2026-02-02T07:21:48+00:00 assigned_meta='19'
2026-02-02T07:21:48+00:00 not_assigned current=10 assigned='19'
2026-02-02T07:21:48+00:00 wp_footer fired
2026-02-02T07:21:48+00:00 current_user_id=10
2026-02-02T07:21:48+00:00 assigned_meta='19'
2026-02-02T07:21:48+00:00 not_assigned current=10 assigned='19'
2026-02-02T07:21:56+00:00 wp_footer fired
2026-02-02T07:21:56+00:00 current_user_id=10
2026-02-02T07:21:56+00:00 assigned_meta='19'
2026-02-02T07:21:56+00:00 not_assigned current=10 assigned='19'
2026-02-02T07:22:00+00:00 wp_footer fired
2026-02-02T07:22:00+00:00 current_user_id=10
2026-02-02T07:22:00+00:00 assigned_meta='19'
2026-02-02T07:22:00+00:00 not_assigned current=10 assigned='19'
2026-02-02T07:22:00+00:00 wp_footer fired
2026-02-02T07:22:00+00:00 current_user_id=10
2026-02-02T07:22:00+00:00 assigned_meta='19'
2026-02-02T07:22:00+00:00 not_assigned current=10 assigned='19'
2026-02-02T07:22:04+00:00 wp_footer fired
2026-02-02T07:22:04+00:00 current_user_id=10
2026-02-02T07:22:04+00:00 assigned_meta='19'
2026-02-02T07:22:04+00:00 not_assigned current=10 assigned='19'
2026-02-02T07:22:07+00:00 wp_footer fired
2026-02-02T07:22:07+00:00 current_user_id=10
2026-02-02T07:22:07+00:00 assigned_meta='19'
2026-02-02T07:22:07+00:00 not_assigned current=10 assigned='19'
2026-02-02T07:22:08+00:00 wp_footer fired
2026-02-02T07:22:08+00:00 current_user_id=10
2026-02-02T07:22:08+00:00 assigned_meta='19'
2026-02-02T07:22:08+00:00 not_assigned current=10 assigned='19'
2026-02-03T06:38:58+00:00 wp_footer fired
2026-02-03T06:38:58+00:00 no user logged in
2026-02-03T06:40:41+00:00 wp_footer fired
2026-02-03T06:40:41+00:00 no user logged in
2026-02-03T06:40:50+00:00 wp_footer fired
2026-02-03T06:40:50+00:00 no user logged in
2026-02-03T06:40:54+00:00 wp_footer fired
2026-02-03T06:40:54+00:00 no user logged in
2026-02-03T06:41:02+00:00 wp_footer fired
2026-02-03T06:41:02+00:00 no user logged in
2026-02-03T06:41:15+00:00 wp_footer fired
2026-02-03T06:41:15+00:00 current_user_id=10
2026-02-03T06:41:15+00:00 assigned_meta='19'
2026-02-03T06:41:15+00:00 not_assigned current=10 assigned='19'
2026-02-03T06:41:21+00:00 wp_footer fired
2026-02-03T06:41:21+00:00 current_user_id=10
2026-02-03T06:41:21+00:00 assigned_meta='19'
2026-02-03T06:41:21+00:00 not_assigned current=10 assigned='19'
2026-02-03T06:41:36+00:00 wp_footer fired
2026-02-03T06:41:36+00:00 current_user_id=10
2026-02-03T06:41:36+00:00 assigned_meta='19'
2026-02-03T06:41:36+00:00 not_assigned current=10 assigned='19'
2026-02-03T06:41:42+00:00 wp_footer fired
2026-02-03T06:41:42+00:00 current_user_id=10
2026-02-03T06:41:42+00:00 assigned_meta='19'
2026-02-03T06:41:42+00:00 not_assigned current=10 assigned='19'
2026-02-03T06:41:42+00:00 wp_footer fired
2026-02-03T06:41:42+00:00 current_user_id=10
2026-02-03T06:41:42+00:00 assigned_meta='19'
2026-02-03T06:41:42+00:00 not_assigned current=10 assigned='19'
2026-02-03T07:11:43+00:00 wp_footer fired
2026-02-03T07:11:43+00:00 current_user_id=10
2026-02-03T07:11:43+00:00 assigned_meta='19'
2026-02-03T07:11:43+00:00 not_assigned current=10 assigned='19'
2026-02-03T07:11:46+00:00 wp_footer fired
2026-02-03T07:11:46+00:00 current_user_id=10
2026-02-03T07:11:46+00:00 assigned_meta='19'
2026-02-03T07:11:46+00:00 not_assigned current=10 assigned='19'
2026-02-03T07:11:46+00:00 wp_footer fired
2026-02-03T07:11:46+00:00 current_user_id=10
2026-02-03T07:11:47+00:00 assigned_meta='19'
2026-02-03T07:11:47+00:00 not_assigned current=10 assigned='19'
2026-02-03T07:16:26+00:00 wp_footer fired
2026-02-03T07:16:26+00:00 current_user_id=10
2026-02-03T07:16:26+00:00 assigned_meta='19'
2026-02-03T07:16:26+00:00 not_assigned current=10 assigned='19'
2026-02-03T07:16:30+00:00 wp_footer fired
2026-02-03T07:16:30+00:00 current_user_id=10
2026-02-03T07:16:30+00:00 assigned_meta='19'
2026-02-03T07:16:30+00:00 not_assigned current=10 assigned='19'
2026-02-03T07:16:31+00:00 wp_footer fired
2026-02-03T07:16:31+00:00 current_user_id=10
2026-02-03T07:16:31+00:00 assigned_meta='19'
2026-02-03T07:16:31+00:00 not_assigned current=10 assigned='19'
2026-02-03T07:16:59+00:00 wp_footer fired
2026-02-03T07:16:59+00:00 current_user_id=10
2026-02-03T07:16:59+00:00 assigned_meta='19'
2026-02-03T07:16:59+00:00 not_assigned current=10 assigned='19'
2026-02-03T07:17:02+00:00 wp_footer fired
2026-02-03T07:17:02+00:00 current_user_id=10
2026-02-03T07:17:02+00:00 assigned_meta='19'
2026-02-03T07:17:02+00:00 not_assigned current=10 assigned='19'
2026-02-03T07:17:03+00:00 wp_footer fired
2026-02-03T07:17:03+00:00 current_user_id=10
2026-02-03T07:17:03+00:00 assigned_meta='19'
2026-02-03T07:17:03+00:00 not_assigned current=10 assigned='19'
2026-02-03T07:28:01+00:00 wp_footer fired
2026-02-03T07:28:01+00:00 current_user_id=10
2026-02-03T07:28:01+00:00 assigned_meta='19'
2026-02-03T07:28:01+00:00 not_assigned current=10 assigned='19'
2026-02-03T07:28:04+00:00 wp_footer fired
2026-02-03T07:28:04+00:00 current_user_id=10
2026-02-03T07:28:04+00:00 assigned_meta='19'
2026-02-03T07:28:04+00:00 not_assigned current=10 assigned='19'
2026-02-03T07:28:05+00:00 wp_footer fired
2026-02-03T07:28:05+00:00 current_user_id=10
2026-02-03T07:28:05+00:00 assigned_meta='19'
2026-02-03T07:28:05+00:00 not_assigned current=10 assigned='19'
2026-02-03T07:33:44+00:00 wp_footer fired
2026-02-03T07:33:44+00:00 current_user_id=10
2026-02-03T07:33:44+00:00 assigned_meta='19'
2026-02-03T07:33:44+00:00 not_assigned current=10 assigned='19'
2026-02-03T07:33:47+00:00 wp_footer fired
2026-02-03T07:33:47+00:00 current_user_id=10
2026-02-03T07:33:47+00:00 assigned_meta='19'
2026-02-03T07:33:47+00:00 not_assigned current=10 assigned='19'
2026-02-03T07:33:47+00:00 wp_footer fired
2026-02-03T07:33:47+00:00 current_user_id=10
2026-02-03T07:33:47+00:00 assigned_meta='19'
2026-02-03T07:33:47+00:00 not_assigned current=10 assigned='19'
2026-02-03T07:33:58+00:00 wp_footer fired
2026-02-03T07:33:58+00:00 current_user_id=10
2026-02-03T07:33:58+00:00 assigned_meta='19'
2026-02-03T07:33:58+00:00 not_assigned current=10 assigned='19'
2026-02-03T07:34:58+00:00 wp_footer fired
2026-02-03T07:34:58+00:00 current_user_id=10
2026-02-03T07:34:58+00:00 assigned_meta='19'
2026-02-03T07:34:58+00:00 not_assigned current=10 assigned='19'
2026-02-03T07:38:23+00:00 wp_footer fired
2026-02-03T07:38:23+00:00 current_user_id=10
2026-02-03T07:38:23+00:00 assigned_meta='19'
2026-02-03T07:38:23+00:00 not_assigned current=10 assigned='19'
2026-02-03T07:38:59+00:00 wp_footer fired
2026-02-03T07:38:59+00:00 current_user_id=10
2026-02-03T07:38:59+00:00 assigned_meta='19'
2026-02-03T07:38:59+00:00 not_assigned current=10 assigned='19'
2026-02-03T09:05:58+00:00 wp_footer fired
2026-02-03T09:05:58+00:00 current_user_id=10
2026-02-03T09:05:58+00:00 assigned_meta='19'
2026-02-03T09:05:58+00:00 not_assigned current=10 assigned='19'
2026-02-03T09:07:56+00:00 wp_footer fired
2026-02-03T09:07:56+00:00 current_user_id=10
2026-02-03T09:07:56+00:00 assigned_meta='19'
2026-02-03T09:07:56+00:00 not_assigned current=10 assigned='19'
2026-02-03T09:08:02+00:00 wp_footer fired
2026-02-03T09:08:02+00:00 current_user_id=10
2026-02-03T09:08:02+00:00 assigned_meta='19'
2026-02-03T09:08:02+00:00 not_assigned current=10 assigned='19'
2026-02-03T09:14:59+00:00 wp_footer fired
2026-02-03T09:14:59+00:00 current_user_id=10
2026-02-03T09:14:59+00:00 assigned_meta='19'
2026-02-03T09:14:59+00:00 not_assigned current=10 assigned='19'
2026-02-03T09:26:06+00:00 wp_footer fired
2026-02-03T09:26:06+00:00 current_user_id=10
2026-02-03T09:26:06+00:00 assigned_meta='19'
2026-02-03T09:26:06+00:00 not_assigned current=10 assigned='19'
2026-02-03T09:26:26+00:00 wp_footer fired
2026-02-03T09:26:26+00:00 current_user_id=10
2026-02-03T09:26:26+00:00 wp_footer fired
2026-02-03T09:26:26+00:00 current_user_id=10
2026-02-03T09:26:26+00:00 assigned_meta='19'
2026-02-03T09:26:26+00:00 not_assigned current=10 assigned='19'
2026-02-03T09:26:26+00:00 assigned_meta='19'
2026-02-03T09:26:26+00:00 not_assigned current=10 assigned='19'
2026-02-03T09:57:29+00:00 wp_footer fired
2026-02-03T09:57:29+00:00 current_user_id=10
2026-02-03T09:57:29+00:00 assigned_meta='19'
2026-02-03T09:57:29+00:00 not_assigned current=10 assigned='19'
2026-02-03T09:57:32+00:00 wp_footer fired
2026-02-03T09:57:32+00:00 current_user_id=10
2026-02-03T09:57:32+00:00 assigned_meta='19'
2026-02-03T09:57:32+00:00 not_assigned current=10 assigned='19'
2026-02-03T09:57:32+00:00 wp_footer fired
2026-02-03T09:57:32+00:00 current_user_id=10
2026-02-03T09:57:32+00:00 assigned_meta='19'
2026-02-03T09:57:32+00:00 not_assigned current=10 assigned='19'
2026-02-03T10:09:03+00:00 wp_footer fired
2026-02-03T10:09:03+00:00 current_user_id=10
2026-02-03T10:09:03+00:00 assigned_meta='19'
2026-02-03T10:09:03+00:00 not_assigned current=10 assigned='19'
2026-02-03T10:09:06+00:00 wp_footer fired
2026-02-03T10:09:06+00:00 current_user_id=10
2026-02-03T10:09:06+00:00 assigned_meta='19'
2026-02-03T10:09:06+00:00 not_assigned current=10 assigned='19'
2026-02-03T10:09:07+00:00 wp_footer fired
2026-02-03T10:09:07+00:00 current_user_id=10
2026-02-03T10:09:07+00:00 assigned_meta='19'
2026-02-03T10:09:07+00:00 not_assigned current=10 assigned='19'
2026-02-03T10:10:28+00:00 wp_footer fired
2026-02-03T10:10:28+00:00 current_user_id=10
2026-02-03T10:10:28+00:00 assigned_meta='19'
2026-02-03T10:10:28+00:00 not_assigned current=10 assigned='19'
2026-02-03T10:10:31+00:00 wp_footer fired
2026-02-03T10:10:31+00:00 current_user_id=10
2026-02-03T10:10:31+00:00 assigned_meta='19'
2026-02-03T10:10:31+00:00 not_assigned current=10 assigned='19'
2026-02-03T10:10:32+00:00 wp_footer fired
2026-02-03T10:10:32+00:00 current_user_id=10
2026-02-03T10:10:32+00:00 assigned_meta='19'
2026-02-03T10:10:32+00:00 not_assigned current=10 assigned='19'
2026-02-03T10:12:49+00:00 wp_footer fired
2026-02-03T10:12:49+00:00 current_user_id=10
2026-02-03T10:12:49+00:00 assigned_meta='19'
2026-02-03T10:12:49+00:00 not_assigned current=10 assigned='19'
2026-02-03T10:12:51+00:00 wp_footer fired
2026-02-03T10:12:51+00:00 current_user_id=10
2026-02-03T10:12:51+00:00 assigned_meta='19'
2026-02-03T10:12:51+00:00 not_assigned current=10 assigned='19'
2026-02-03T10:12:52+00:00 wp_footer fired
2026-02-03T10:12:52+00:00 current_user_id=10
2026-02-03T10:12:52+00:00 assigned_meta='19'
2026-02-03T10:12:52+00:00 not_assigned current=10 assigned='19'
2026-02-03T10:13:17+00:00 wp_footer fired
2026-02-03T10:13:17+00:00 current_user_id=10
2026-02-03T10:13:17+00:00 assigned_meta='19'
2026-02-03T10:13:17+00:00 not_assigned current=10 assigned='19'
2026-02-03T10:13:20+00:00 wp_footer fired
2026-02-03T10:13:20+00:00 current_user_id=10
2026-02-03T10:13:20+00:00 assigned_meta='19'
2026-02-03T10:13:20+00:00 not_assigned current=10 assigned='19'
2026-02-03T10:13:20+00:00 wp_footer fired
2026-02-03T10:13:20+00:00 current_user_id=10
2026-02-03T10:13:20+00:00 assigned_meta='19'
2026-02-03T10:13:20+00:00 not_assigned current=10 assigned='19'
2026-02-03T10:22:10+00:00 wp_footer fired
2026-02-03T10:22:10+00:00 current_user_id=10
2026-02-03T10:22:10+00:00 assigned_meta='19'
2026-02-03T10:22:10+00:00 not_assigned current=10 assigned='19'
2026-02-03T10:22:13+00:00 wp_footer fired
2026-02-03T10:22:13+00:00 current_user_id=10
2026-02-03T10:22:13+00:00 assigned_meta='19'
2026-02-03T10:22:13+00:00 not_assigned current=10 assigned='19'
2026-02-03T10:22:14+00:00 wp_footer fired
2026-02-03T10:22:14+00:00 current_user_id=10
2026-02-03T10:22:14+00:00 assigned_meta='19'
2026-02-03T10:22:14+00:00 not_assigned current=10 assigned='19'
2026-02-03T10:24:36+00:00 wp_footer fired
2026-02-03T10:24:36+00:00 current_user_id=10
2026-02-03T10:24:36+00:00 assigned_meta='19'
2026-02-03T10:24:36+00:00 not_assigned current=10 assigned='19'
2026-02-03T10:24:39+00:00 wp_footer fired
2026-02-03T10:24:39+00:00 current_user_id=10
2026-02-03T10:24:39+00:00 assigned_meta='19'
2026-02-03T10:24:39+00:00 not_assigned current=10 assigned='19'
2026-02-03T10:24:40+00:00 wp_footer fired
2026-02-03T10:24:40+00:00 current_user_id=10
2026-02-03T10:24:40+00:00 assigned_meta='19'
2026-02-03T10:24:40+00:00 not_assigned current=10 assigned='19'
2026-02-04T00:59:56+00:00 wp_footer fired
2026-02-04T00:59:56+00:00 no user logged in
2026-02-04T01:02:48+00:00 wp_footer fired
2026-02-04T01:02:48+00:00 no user logged in
2026-02-04T01:03:06+00:00 wp_footer fired
2026-02-04T01:03:06+00:00 no user logged in
2026-02-04T01:03:16+00:00 wp_footer fired
2026-02-04T01:03:16+00:00 no user logged in
2026-02-04T01:03:23+00:00 wp_footer fired
2026-02-04T01:03:23+00:00 no user logged in
2026-02-04T01:03:39+00:00 wp_footer fired
2026-02-04T01:03:39+00:00 current_user_id=10
2026-02-04T01:03:39+00:00 assigned_meta='19'
2026-02-04T01:03:39+00:00 not_assigned current=10 assigned='19'
2026-02-04T01:03:54+00:00 wp_footer fired
2026-02-04T01:03:54+00:00 current_user_id=10
2026-02-04T01:03:54+00:00 assigned_meta='19'
2026-02-04T01:03:54+00:00 not_assigned current=10 assigned='19'
2026-02-04T01:05:34+00:00 wp_footer fired
2026-02-04T01:05:34+00:00 current_user_id=10
2026-02-04T01:05:34+00:00 assigned_meta='19'
2026-02-04T01:05:34+00:00 not_assigned current=10 assigned='19'
2026-02-04T01:05:34+00:00 wp_footer fired
2026-02-04T01:05:34+00:00 current_user_id=10
2026-02-04T01:05:34+00:00 assigned_meta='19'
2026-02-04T01:05:34+00:00 not_assigned current=10 assigned='19'
2026-02-04T01:12:30+00:00 wp_footer fired
2026-02-04T01:12:30+00:00 current_user_id=10
2026-02-04T01:12:30+00:00 assigned_meta='19'
2026-02-04T01:12:30+00:00 not_assigned current=10 assigned='19'
2026-02-04T01:12:33+00:00 wp_footer fired
2026-02-04T01:12:33+00:00 current_user_id=10
2026-02-04T01:12:33+00:00 assigned_meta='19'
2026-02-04T01:12:33+00:00 not_assigned current=10 assigned='19'
2026-02-04T01:12:33+00:00 wp_footer fired
2026-02-04T01:12:33+00:00 current_user_id=10
2026-02-04T01:12:33+00:00 assigned_meta='19'
2026-02-04T01:12:33+00:00 not_assigned current=10 assigned='19'
2026-02-04T01:16:52+00:00 wp_footer fired
2026-02-04T01:16:52+00:00 current_user_id=10
2026-02-04T01:16:52+00:00 assigned_meta='19'
2026-02-04T01:16:52+00:00 not_assigned current=10 assigned='19'
2026-02-04T01:16:55+00:00 wp_footer fired
2026-02-04T01:16:55+00:00 current_user_id=10
2026-02-04T01:16:55+00:00 assigned_meta='19'
2026-02-04T01:16:55+00:00 not_assigned current=10 assigned='19'
2026-02-04T01:16:55+00:00 wp_footer fired
2026-02-04T01:16:55+00:00 current_user_id=10
2026-02-04T01:16:55+00:00 assigned_meta='19'
2026-02-04T01:16:55+00:00 not_assigned current=10 assigned='19'
2026-02-04T01:18:42+00:00 wp_footer fired
2026-02-04T01:18:42+00:00 current_user_id=10
2026-02-04T01:18:42+00:00 assigned_meta='19'
2026-02-04T01:18:42+00:00 not_assigned current=10 assigned='19'
2026-02-04T01:18:45+00:00 wp_footer fired
2026-02-04T01:18:45+00:00 current_user_id=10
2026-02-04T01:18:45+00:00 assigned_meta='19'
2026-02-04T01:18:45+00:00 not_assigned current=10 assigned='19'
2026-02-04T01:18:46+00:00 wp_footer fired
2026-02-04T01:18:46+00:00 current_user_id=10
2026-02-04T01:18:46+00:00 assigned_meta='19'
2026-02-04T01:18:46+00:00 not_assigned current=10 assigned='19'
2026-02-04T01:23:19+00:00 wp_footer fired
2026-02-04T01:23:19+00:00 current_user_id=10
2026-02-04T01:23:19+00:00 assigned_meta='19'
2026-02-04T01:23:19+00:00 not_assigned current=10 assigned='19'
2026-02-04T01:23:22+00:00 wp_footer fired
2026-02-04T01:23:22+00:00 current_user_id=10
2026-02-04T01:23:22+00:00 assigned_meta='19'
2026-02-04T01:23:22+00:00 not_assigned current=10 assigned='19'
2026-02-04T01:23:22+00:00 wp_footer fired
2026-02-04T01:23:22+00:00 current_user_id=10
2026-02-04T01:23:22+00:00 assigned_meta='19'
2026-02-04T01:23:22+00:00 not_assigned current=10 assigned='19'
2026-02-04T01:27:40+00:00 wp_footer fired
2026-02-04T01:27:40+00:00 current_user_id=10
2026-02-04T01:27:40+00:00 assigned_meta='19'
2026-02-04T01:27:40+00:00 not_assigned current=10 assigned='19'
2026-02-04T01:27:43+00:00 wp_footer fired
2026-02-04T01:27:43+00:00 current_user_id=10
2026-02-04T01:27:43+00:00 assigned_meta='19'
2026-02-04T01:27:43+00:00 not_assigned current=10 assigned='19'
2026-02-04T01:27:43+00:00 wp_footer fired
2026-02-04T01:27:43+00:00 current_user_id=10
2026-02-04T01:27:43+00:00 assigned_meta='19'
2026-02-04T01:27:43+00:00 not_assigned current=10 assigned='19'
2026-02-04T01:27:58+00:00 wp_footer fired
2026-02-04T01:27:58+00:00 current_user_id=10
2026-02-04T01:27:58+00:00 assigned_meta='19'
2026-02-04T01:27:58+00:00 not_assigned current=10 assigned='19'
2026-02-04T01:28:01+00:00 wp_footer fired
2026-02-04T01:28:01+00:00 current_user_id=10
2026-02-04T01:28:01+00:00 current_user_id=10
2026-02-04T01:28:01+00:00 assigned_meta='19'
2026-02-04T01:28:01+00:00 not_assigned current=10 assigned='19'
2026-02-04T01:40:17+00:00 wp_footer fired
2026-02-04T01:40:17+00:00 current_user_id=10
2026-02-04T01:40:17+00:00 assigned_meta='19'
2026-02-04T01:40:17+00:00 not_assigned current=10 assigned='19'
2026-02-04T01:40:20+00:00 wp_footer fired
2026-02-04T01:40:20+00:00 current_user_id=10
2026-02-04T01:40:20+00:00 assigned_meta='19'
2026-02-04T01:40:20+00:00 not_assigned current=10 assigned='19'
2026-02-04T01:40:20+00:00 wp_footer fired
2026-02-04T01:40:20+00:00 current_user_id=10
2026-02-04T01:40:20+00:00 assigned_meta='19'
2026-02-04T01:40:20+00:00 not_assigned current=10 assigned='19'
2026-02-04T01:41:31+00:00 wp_footer fired
2026-02-04T01:41:31+00:00 current_user_id=10
2026-02-04T01:41:31+00:00 assigned_meta='19'
2026-02-04T01:41:31+00:00 not_assigned current=10 assigned='19'
2026-02-04T01:41:34+00:00 wp_footer fired
2026-02-04T01:41:34+00:00 current_user_id=10
2026-02-04T01:41:34+00:00 assigned_meta='19'
2026-02-04T01:41:34+00:00 not_assigned current=10 assigned='19'
2026-02-04T01:41:35+00:00 wp_footer fired
2026-02-04T01:41:35+00:00 current_user_id=10
2026-02-04T01:41:35+00:00 assigned_meta='19'
2026-02-04T01:41:35+00:00 not_assigned current=10 assigned='19'
2026-02-04T01:52:14+00:00 wp_footer fired
2026-02-04T01:52:14+00:00 current_user_id=10
2026-02-04T01:52:14+00:00 assigned_meta='19'
2026-02-04T01:52:14+00:00 not_assigned current=10 assigned='19'
2026-02-04T01:52:17+00:00 wp_footer fired
2026-02-04T01:52:17+00:00 current_user_id=10
2026-02-04T01:52:17+00:00 assigned_meta='19'
2026-02-04T01:52:17+00:00 not_assigned current=10 assigned='19'
2026-02-04T01:52:17+00:00 wp_footer fired
2026-02-04T01:52:17+00:00 current_user_id=10
2026-02-04T01:52:17+00:00 assigned_meta='19'
2026-02-04T01:52:17+00:00 not_assigned current=10 assigned='19'
2026-02-04T01:59:50+00:00 wp_footer fired
2026-02-04T01:59:50+00:00 current_user_id=10
2026-02-04T01:59:50+00:00 assigned_meta='19'
2026-02-04T01:59:50+00:00 not_assigned current=10 assigned='19'
2026-02-04T01:59:54+00:00 wp_footer fired
2026-02-04T01:59:54+00:00 current_user_id=10
2026-02-04T01:59:54+00:00 assigned_meta='19'
2026-02-04T01:59:54+00:00 not_assigned current=10 assigned='19'
2026-02-04T01:59:54+00:00 wp_footer fired
2026-02-04T01:59:54+00:00 current_user_id=10
2026-02-04T01:59:54+00:00 assigned_meta='19'
2026-02-04T01:59:54+00:00 not_assigned current=10 assigned='19'
2026-02-04T02:00:47+00:00 wp_footer fired
2026-02-04T02:00:47+00:00 current_user_id=10
2026-02-04T02:00:47+00:00 assigned_meta='19'
2026-02-04T02:00:47+00:00 not_assigned current=10 assigned='19'
2026-02-04T02:00:50+00:00 wp_footer fired
2026-02-04T02:00:50+00:00 current_user_id=10
2026-02-04T02:00:50+00:00 current_user_id=10
2026-02-04T02:00:50+00:00 assigned_meta='19'
2026-02-04T02:00:50+00:00 not_assigned current=10 assigned='19'
2026-02-04T02:00:50+00:00 not_assigned current=10 assigned='19'
2026-02-04T02:15:11+00:00 wp_footer fired
2026-02-04T02:15:11+00:00 current_user_id=10
2026-02-04T02:15:11+00:00 assigned_meta='19'
2026-02-04T02:15:11+00:00 not_assigned current=10 assigned='19'
2026-02-04T02:15:15+00:00 wp_footer fired
2026-02-04T02:15:15+00:00 current_user_id=10
2026-02-04T02:15:15+00:00 wp_footer fired
2026-02-04T02:15:15+00:00 current_user_id=10
2026-02-04T02:15:15+00:00 assigned_meta='19'
2026-02-04T02:15:15+00:00 not_assigned current=10 assigned='19'
2026-02-04T02:15:15+00:00 not_assigned current=10 assigned='19'
2026-02-04T02:15:24+00:00 wp_footer fired
2026-02-04T02:15:24+00:00 current_user_id=10
2026-02-04T02:15:24+00:00 assigned_meta='19'
2026-02-04T02:15:24+00:00 not_assigned current=10 assigned='19'
2026-02-04T02:15:27+00:00 wp_footer fired
2026-02-04T02:15:27+00:00 current_user_id=10
2026-02-04T02:15:27+00:00 assigned_meta='19'
2026-02-04T02:15:27+00:00 not_assigned current=10 assigned='19'
2026-02-04T02:15:27+00:00 wp_footer fired
2026-02-04T02:15:27+00:00 current_user_id=10
2026-02-04T02:15:27+00:00 assigned_meta='19'
2026-02-04T02:15:27+00:00 not_assigned current=10 assigned='19'
2026-02-04T02:19:23+00:00 wp_footer fired
2026-02-04T02:19:23+00:00 current_user_id=10
2026-02-04T02:19:23+00:00 assigned_meta='19'
2026-02-04T02:19:23+00:00 not_assigned current=10 assigned='19'
2026-02-04T02:19:26+00:00 wp_footer fired
2026-02-04T02:19:26+00:00 current_user_id=10
2026-02-04T02:19:26+00:00 assigned_meta='19'
2026-02-04T02:19:26+00:00 not_assigned current=10 assigned='19'
2026-02-04T02:19:26+00:00 wp_footer fired
2026-02-04T02:19:26+00:00 current_user_id=10
2026-02-04T02:19:26+00:00 assigned_meta='19'
2026-02-04T02:19:26+00:00 not_assigned current=10 assigned='19'
2026-02-04T02:34:14+00:00 wp_footer fired
2026-02-04T02:34:14+00:00 current_user_id=10
2026-02-04T02:34:14+00:00 assigned_meta='19'
2026-02-04T02:34:14+00:00 not_assigned current=10 assigned='19'
2026-02-04T02:34:18+00:00 wp_footer fired
2026-02-04T02:34:18+00:00 current_user_id=10
2026-02-04T02:34:18+00:00 assigned_meta='19'
2026-02-04T02:34:18+00:00 not_assigned current=10 assigned='19'
2026-02-04T02:34:18+00:00 wp_footer fired
2026-02-04T02:34:18+00:00 current_user_id=10
2026-02-04T02:34:18+00:00 assigned_meta='19'
2026-02-04T02:34:18+00:00 not_assigned current=10 assigned='19'
2026-02-04T02:34:34+00:00 wp_footer fired
2026-02-04T02:34:34+00:00 current_user_id=10
2026-02-04T02:34:34+00:00 assigned_meta='19'
2026-02-04T02:34:34+00:00 not_assigned current=10 assigned='19'
2026-02-04T02:34:37+00:00 wp_footer fired
2026-02-04T02:34:37+00:00 current_user_id=10
2026-02-04T02:34:37+00:00 assigned_meta='19'
2026-02-04T02:34:37+00:00 not_assigned current=10 assigned='19'
2026-02-04T02:34:38+00:00 wp_footer fired
2026-02-04T02:34:38+00:00 current_user_id=10
2026-02-04T02:34:38+00:00 assigned_meta='19'
2026-02-04T02:34:38+00:00 not_assigned current=10 assigned='19'
2026-02-04T02:34:39+00:00 wp_footer fired
2026-02-04T02:34:39+00:00 current_user_id=10
2026-02-04T02:34:39+00:00 assigned_meta='19'
2026-02-04T02:34:39+00:00 not_assigned current=10 assigned='19'
2026-02-04T02:34:42+00:00 wp_footer fired
2026-02-04T02:34:42+00:00 current_user_id=10
2026-02-04T02:34:42+00:00 assigned_meta='19'
2026-02-04T02:34:42+00:00 not_assigned current=10 assigned='19'
2026-02-04T02:34:42+00:00 wp_footer fired
2026-02-04T02:34:42+00:00 current_user_id=10
2026-02-04T02:34:42+00:00 assigned_meta='19'
2026-02-04T02:34:42+00:00 not_assigned current=10 assigned='19'
2026-02-04T02:36:21+00:00 wp_footer fired
2026-02-04T02:36:21+00:00 current_user_id=10
2026-02-04T02:36:21+00:00 assigned_meta='19'
2026-02-04T02:36:21+00:00 not_assigned current=10 assigned='19'
2026-02-04T02:36:24+00:00 wp_footer fired
2026-02-04T02:36:24+00:00 current_user_id=10
2026-02-04T02:36:24+00:00 assigned_meta='19'
2026-02-04T02:36:24+00:00 not_assigned current=10 assigned='19'
2026-02-04T02:36:24+00:00 wp_footer fired
2026-02-04T02:36:24+00:00 current_user_id=10
2026-02-04T02:36:24+00:00 assigned_meta='19'
2026-02-04T02:36:24+00:00 not_assigned current=10 assigned='19'
2026-02-04T02:42:39+00:00 wp_footer fired
2026-02-04T02:42:39+00:00 current_user_id=10
2026-02-04T02:42:39+00:00 assigned_meta='19'
2026-02-04T02:42:39+00:00 not_assigned current=10 assigned='19'
2026-02-04T02:42:42+00:00 wp_footer fired
2026-02-04T02:42:42+00:00 current_user_id=10
2026-02-04T02:42:42+00:00 assigned_meta='19'
2026-02-04T02:42:42+00:00 not_assigned current=10 assigned='19'
2026-02-04T02:42:42+00:00 wp_footer fired
2026-02-04T02:42:42+00:00 current_user_id=10
2026-02-04T02:42:42+00:00 assigned_meta='19'
2026-02-04T02:42:42+00:00 not_assigned current=10 assigned='19'
2026-02-04T02:47:15+00:00 wp_footer fired
2026-02-04T02:47:15+00:00 current_user_id=10
2026-02-04T02:47:15+00:00 assigned_meta='19'
2026-02-04T02:47:15+00:00 not_assigned current=10 assigned='19'
2026-02-04T03:20:12+00:00 wp_footer fired
2026-02-04T03:20:12+00:00 current_user_id=10
2026-02-04T03:20:12+00:00 assigned_meta='19'
2026-02-04T03:20:12+00:00 not_assigned current=10 assigned='19'
2026-02-04T03:44:49+00:00 wp_footer fired
2026-02-04T03:44:49+00:00 current_user_id=10
2026-02-04T03:44:49+00:00 assigned_meta='19'
2026-02-04T03:44:49+00:00 not_assigned current=10 assigned='19'
2026-02-04T03:47:03+00:00 wp_footer fired
2026-02-04T03:47:03+00:00 current_user_id=10
2026-02-04T03:47:03+00:00 assigned_meta='19'
2026-02-04T03:47:03+00:00 not_assigned current=10 assigned='19'
2026-02-04T03:51:17+00:00 wp_footer fired
2026-02-04T03:51:17+00:00 current_user_id=10
2026-02-04T03:51:17+00:00 assigned_meta='19'
2026-02-04T03:51:17+00:00 not_assigned current=10 assigned='19'
2026-02-04T03:51:17+00:00 wp_footer fired
2026-02-04T03:51:17+00:00 current_user_id=10
2026-02-04T03:51:17+00:00 assigned_meta='19'
2026-02-04T03:51:17+00:00 not_assigned current=10 assigned='19'
2026-02-04T03:54:56+00:00 wp_footer fired
2026-02-04T03:54:56+00:00 current_user_id=10
2026-02-04T03:54:56+00:00 assigned_meta='19'
2026-02-04T03:54:56+00:00 not_assigned current=10 assigned='19'
2026-02-04T03:55:01+00:00 wp_footer fired
2026-02-04T03:55:01+00:00 current_user_id=10
2026-02-04T03:55:01+00:00 assigned_meta='19'
2026-02-04T03:55:01+00:00 not_assigned current=10 assigned='19'
2026-02-04T03:55:02+00:00 wp_footer fired
2026-02-04T03:55:02+00:00 current_user_id=10
2026-02-04T03:55:02+00:00 assigned_meta='19'
2026-02-04T03:55:02+00:00 not_assigned current=10 assigned='19'
2026-02-04T03:59:15+00:00 wp_footer fired
2026-02-04T03:59:15+00:00 current_user_id=10
2026-02-04T03:59:15+00:00 assigned_meta='19'
2026-02-04T03:59:15+00:00 not_assigned current=10 assigned='19'
2026-02-04T03:59:18+00:00 wp_footer fired
2026-02-04T03:59:18+00:00 current_user_id=10
2026-02-04T03:59:18+00:00 current_user_id=10
2026-02-04T03:59:18+00:00 assigned_meta='19'
2026-02-04T03:59:18+00:00 not_assigned current=10 assigned='19'
2026-02-04T03:59:18+00:00 not_assigned current=10 assigned='19'
2026-02-04T09:25:08+00:00 wp_footer fired
2026-02-04T09:25:08+00:00 current_user_id=10
2026-02-04T09:25:08+00:00 assigned_meta='19'
2026-02-04T09:25:08+00:00 not_assigned current=10 assigned='19'
2026-02-05T06:38:09+00:00 wp_footer fired
2026-02-05T06:38:09+00:00 no user logged in
2026-02-05T06:38:34+00:00 wp_footer fired
2026-02-05T06:38:34+00:00 no user logged in
2026-02-05T06:38:39+00:00 wp_footer fired
2026-02-05T06:38:39+00:00 no user logged in
2026-02-05T06:38:54+00:00 wp_footer fired
2026-02-05T06:38:54+00:00 no user logged in
2026-02-05T06:38:59+00:00 wp_footer fired
2026-02-05T06:38:59+00:00 no user logged in
2026-02-05T06:39:16+00:00 wp_footer fired
2026-02-05T06:39:16+00:00 current_user_id=10
2026-02-05T06:39:16+00:00 assigned_meta='19'
2026-02-05T06:39:16+00:00 not_assigned current=10 assigned='19'
2026-02-05T06:39:24+00:00 wp_footer fired
2026-02-05T06:39:24+00:00 current_user_id=10
2026-02-05T06:39:24+00:00 assigned_meta='19'
2026-02-05T06:39:24+00:00 not_assigned current=10 assigned='19'
2026-02-06T02:17:32+00:00 wp_footer fired
2026-02-06T02:17:32+00:00 no user logged in
2026-02-06T02:19:34+00:00 wp_footer fired
2026-02-06T02:19:34+00:00 no user logged in
2026-02-06T02:19:38+00:00 wp_footer fired
2026-02-06T02:19:38+00:00 no user logged in
2026-02-06T02:19:53+00:00 wp_footer fired
2026-02-06T02:19:53+00:00 current_user_id=10
2026-02-06T02:19:53+00:00 assigned_meta='19'
2026-02-06T02:19:53+00:00 not_assigned current=10 assigned='19'
2026-02-06T02:19:57+00:00 wp_footer fired
2026-02-06T02:19:57+00:00 current_user_id=10
2026-02-06T02:19:57+00:00 assigned_meta='19'
2026-02-06T02:19:57+00:00 not_assigned current=10 assigned='19'
2026-02-06T02:50:17+00:00 wp_footer fired
2026-02-06T02:50:17+00:00 current_user_id=10
2026-02-06T02:50:17+00:00 assigned_meta='19'
2026-02-06T02:50:17+00:00 not_assigned current=10 assigned='19'
2026-02-06T02:51:00+00:00 wp_footer fired
2026-02-06T02:51:00+00:00 current_user_id=10
2026-02-06T02:51:00+00:00 assigned_meta='19'
2026-02-06T02:51:00+00:00 not_assigned current=10 assigned='19'
2026-02-06T03:00:00+00:00 wp_footer fired
2026-02-06T03:00:00+00:00 current_user_id=10
2026-02-06T03:00:00+00:00 assigned_meta='19'
2026-02-06T03:00:00+00:00 not_assigned current=10 assigned='19'
2026-02-06T03:00:22+00:00 wp_footer fired
2026-02-06T03:00:22+00:00 current_user_id=10
2026-02-06T03:00:22+00:00 wp_footer fired
2026-02-06T03:00:22+00:00 current_user_id=10
2026-02-06T03:00:22+00:00 assigned_meta='19'
2026-02-06T03:00:22+00:00 not_assigned current=10 assigned='19'
2026-02-06T03:00:22+00:00 not_assigned current=10 assigned='19'
2026-02-06T03:22:28+00:00 wp_footer fired
2026-02-06T03:22:28+00:00 no user logged in
2026-02-06T03:24:31+00:00 wp_footer fired
2026-02-06T03:24:31+00:00 no user logged in
2026-02-06T03:24:37+00:00 wp_footer fired
2026-02-06T03:24:37+00:00 no user logged in
2026-02-06T03:24:42+00:00 wp_footer fired
2026-02-06T03:24:42+00:00 no user logged in
2026-02-06T03:24:52+00:00 wp_footer fired
2026-02-06T03:24:52+00:00 current_user_id=10
2026-02-06T03:24:52+00:00 assigned_meta='19'
2026-02-06T03:24:52+00:00 not_assigned current=10 assigned='19'
2026-02-06T03:25:33+00:00 wp_footer fired
2026-02-06T03:25:33+00:00 current_user_id=10
2026-02-06T03:25:33+00:00 assigned_meta='19'
2026-02-06T03:25:33+00:00 not_assigned current=10 assigned='19'
2026-02-06T03:35:02+00:00 wp_footer fired
2026-02-06T03:35:02+00:00 current_user_id=10
2026-02-06T03:35:02+00:00 assigned_meta='19'
2026-02-06T03:35:02+00:00 not_assigned current=10 assigned='19'
2026-02-06T03:35:27+00:00 wp_footer fired
2026-02-06T03:35:27+00:00 current_user_id=10
2026-02-06T03:35:27+00:00 assigned_meta='19'
2026-02-06T03:35:27+00:00 not_assigned current=10 assigned='19'
2026-02-06T03:42:15+00:00 wp_footer fired
2026-02-06T03:42:15+00:00 wp_footer fired
2026-02-06T03:42:15+00:00 current_user_id=10
2026-02-06T03:42:15+00:00 current_user_id=10
2026-02-06T03:42:15+00:00 assigned_meta='19'
2026-02-06T03:42:15+00:00 assigned_meta='19'
2026-02-06T03:42:15+00:00 not_assigned current=10 assigned='19'
2026-02-06T03:42:15+00:00 not_assigned current=10 assigned='19'
2026-02-06T03:42:21+00:00 wp_footer fired
2026-02-06T03:42:21+00:00 current_user_id=10
2026-02-06T03:42:21+00:00 assigned_meta='19'
2026-02-06T03:42:21+00:00 not_assigned current=10 assigned='19'
2026-02-06T04:53:32+00:00 wp_footer fired
2026-02-06T04:53:32+00:00 current_user_id=10
2026-02-06T04:53:32+00:00 assigned_meta='19'
2026-02-06T04:53:32+00:00 not_assigned current=10 assigned='19'
2026-02-06T05:09:29+00:00 wp_footer fired
2026-02-06T05:09:29+00:00 current_user_id=10
2026-02-06T05:09:29+00:00 assigned_meta='19'
2026-02-06T05:09:29+00:00 not_assigned current=10 assigned='19'
2026-02-06T05:09:29+00:00 wp_footer fired
2026-02-06T05:09:29+00:00 current_user_id=10
2026-02-06T05:09:29+00:00 assigned_meta='19'
2026-02-06T05:09:29+00:00 not_assigned current=10 assigned='19'
2026-02-06T05:17:59+00:00 wp_footer fired
2026-02-06T05:17:59+00:00 current_user_id=10
2026-02-06T05:17:59+00:00 assigned_meta='19'
2026-02-06T05:17:59+00:00 not_assigned current=10 assigned='19'
2026-02-06T05:18:02+00:00 wp_footer fired
2026-02-06T05:18:02+00:00 current_user_id=10
2026-02-06T05:18:02+00:00 assigned_meta='19'
2026-02-06T05:18:02+00:00 not_assigned current=10 assigned='19'
2026-02-06T05:18:02+00:00 wp_footer fired
2026-02-06T05:18:02+00:00 current_user_id=10
2026-02-06T05:18:02+00:00 assigned_meta='19'
2026-02-06T05:18:02+00:00 not_assigned current=10 assigned='19'
2026-02-06T05:31:52+00:00 wp_footer fired
2026-02-06T05:31:52+00:00 current_user_id=10
2026-02-06T05:31:52+00:00 assigned_meta='19'
2026-02-06T05:31:52+00:00 not_assigned current=10 assigned='19'
2026-02-06T05:31:55+00:00 wp_footer fired
2026-02-06T05:31:55+00:00 current_user_id=10
2026-02-06T05:31:55+00:00 assigned_meta='19'
2026-02-06T05:31:55+00:00 not_assigned current=10 assigned='19'
2026-02-06T05:31:56+00:00 wp_footer fired
2026-02-06T05:31:56+00:00 current_user_id=10
2026-02-06T05:31:56+00:00 assigned_meta='19'
2026-02-06T05:31:56+00:00 not_assigned current=10 assigned='19'
2026-02-06T06:32:18+00:00 wp_footer fired
2026-02-06T06:32:18+00:00 current_user_id=10
2026-02-06T06:32:18+00:00 assigned_meta='19'
2026-02-06T06:32:18+00:00 not_assigned current=10 assigned='19'
2026-02-06T06:32:18+00:00 wp_footer fired
2026-02-06T06:32:18+00:00 current_user_id=10
2026-02-06T06:32:18+00:00 assigned_meta='19'
2026-02-06T06:32:18+00:00 not_assigned current=10 assigned='19'
2026-02-06T06:32:26+00:00 wp_footer fired
2026-02-06T06:32:26+00:00 current_user_id=10
2026-02-06T06:32:26+00:00 assigned_meta='19'
2026-02-06T06:32:26+00:00 not_assigned current=10 assigned='19'
2026-02-06T06:32:29+00:00 wp_footer fired
2026-02-06T06:32:29+00:00 current_user_id=10
2026-02-06T06:32:29+00:00 assigned_meta='19'
2026-02-06T06:32:29+00:00 not_assigned current=10 assigned='19'
2026-02-06T06:32:29+00:00 wp_footer fired
2026-02-06T06:32:29+00:00 current_user_id=10
2026-02-06T06:32:29+00:00 assigned_meta='19'
2026-02-06T06:32:29+00:00 not_assigned current=10 assigned='19'
2026-02-06T06:34:20+00:00 wp_footer fired
2026-02-06T06:34:20+00:00 current_user_id=10
2026-02-06T06:34:20+00:00 assigned_meta='19'
2026-02-06T06:34:20+00:00 not_assigned current=10 assigned='19'
2026-02-06T06:34:23+00:00 wp_footer fired
2026-02-06T06:34:23+00:00 current_user_id=10
2026-02-06T06:34:23+00:00 assigned_meta='19'
2026-02-06T06:34:23+00:00 not_assigned current=10 assigned='19'
2026-02-06T06:34:23+00:00 wp_footer fired
2026-02-06T06:34:23+00:00 current_user_id=10
2026-02-06T06:34:23+00:00 assigned_meta='19'
2026-02-06T06:34:23+00:00 not_assigned current=10 assigned='19'
2026-02-06T06:39:05+00:00 wp_footer fired
2026-02-06T06:39:05+00:00 current_user_id=10
2026-02-06T06:39:05+00:00 assigned_meta='19'
2026-02-06T06:39:05+00:00 not_assigned current=10 assigned='19'
2026-02-06T06:39:08+00:00 wp_footer fired
2026-02-06T06:39:08+00:00 current_user_id=10
2026-02-06T06:39:08+00:00 assigned_meta='19'
2026-02-06T06:39:08+00:00 not_assigned current=10 assigned='19'
2026-02-06T06:39:08+00:00 wp_footer fired
2026-02-06T06:39:08+00:00 current_user_id=10
2026-02-06T06:39:08+00:00 assigned_meta='19'
2026-02-06T06:39:08+00:00 not_assigned current=10 assigned='19'
2026-02-06T06:39:13+00:00 wp_footer fired
2026-02-06T06:39:13+00:00 current_user_id=10
2026-02-06T06:39:13+00:00 assigned_meta='19'
2026-02-06T06:39:13+00:00 not_assigned current=10 assigned='19'
2026-02-06T06:39:17+00:00 wp_footer fired
2026-02-06T06:39:17+00:00 current_user_id=10
2026-02-06T06:39:17+00:00 assigned_meta='19'
2026-02-06T06:39:17+00:00 not_assigned current=10 assigned='19'
2026-02-06T06:39:17+00:00 wp_footer fired
2026-02-06T06:39:17+00:00 current_user_id=10
2026-02-06T06:39:17+00:00 assigned_meta='19'
2026-02-06T06:39:17+00:00 not_assigned current=10 assigned='19'
2026-02-06T06:45:15+00:00 wp_footer fired
2026-02-06T06:45:15+00:00 current_user_id=10
2026-02-06T06:45:15+00:00 assigned_meta='19'
2026-02-06T06:45:15+00:00 not_assigned current=10 assigned='19'
2026-02-06T06:45:19+00:00 wp_footer fired
2026-02-06T06:45:19+00:00 current_user_id=10
2026-02-06T06:45:19+00:00 current_user_id=10
2026-02-06T06:45:19+00:00 assigned_meta='19'
2026-02-06T06:45:19+00:00 not_assigned current=10 assigned='19'
2026-02-06T06:45:19+00:00 not_assigned current=10 assigned='19'
2026-02-06T07:00:54+00:00 wp_footer fired
2026-02-06T07:00:54+00:00 current_user_id=10
2026-02-06T07:00:54+00:00 assigned_meta='19'
2026-02-06T07:00:54+00:00 not_assigned current=10 assigned='19'
2026-02-06T07:00:57+00:00 wp_footer fired
2026-02-06T07:00:57+00:00 current_user_id=10
2026-02-06T07:00:57+00:00 assigned_meta='19'
2026-02-06T07:00:57+00:00 not_assigned current=10 assigned='19'
2026-02-06T07:00:57+00:00 wp_footer fired
2026-02-06T07:00:57+00:00 current_user_id=10
2026-02-06T07:00:57+00:00 assigned_meta='19'
2026-02-06T07:00:57+00:00 not_assigned current=10 assigned='19'
2026-02-06T07:38:38+00:00 wp_footer fired
2026-02-06T07:38:38+00:00 current_user_id=10
2026-02-06T07:38:38+00:00 assigned_meta='19'
2026-02-06T07:38:38+00:00 not_assigned current=10 assigned='19'
2026-02-06T07:48:57+00:00 wp_footer fired
2026-02-06T07:48:57+00:00 no user logged in
2026-02-06T08:34:08+00:00 wp_footer fired
2026-02-06T08:34:08+00:00 current_user_id=10
2026-02-06T08:34:08+00:00 assigned_meta='19'
2026-02-06T08:34:08+00:00 not_assigned current=10 assigned='19'
2026-02-06T08:35:14+00:00 wp_footer fired
2026-02-06T08:35:14+00:00 current_user_id=10
2026-02-06T08:35:14+00:00 assigned_meta='19'
2026-02-06T08:35:14+00:00 not_assigned current=10 assigned='19'
2026-02-06T08:36:00+00:00 wp_footer fired
2026-02-06T08:36:00+00:00 current_user_id=10
2026-02-06T08:36:00+00:00 assigned_meta='19'
2026-02-06T08:36:00+00:00 not_assigned current=10 assigned='19'
2026-02-06T08:36:04+00:00 wp_footer fired
2026-02-06T08:36:04+00:00 current_user_id=10
2026-02-06T08:36:04+00:00 assigned_meta='19'
2026-02-06T08:36:04+00:00 not_assigned current=10 assigned='19'
2026-02-06T08:36:08+00:00 wp_footer fired
2026-02-06T08:36:08+00:00 current_user_id=10
2026-02-06T08:36:08+00:00 assigned_meta='19'
2026-02-06T08:36:08+00:00 not_assigned current=10 assigned='19'
2026-02-06T08:36:17+00:00 wp_footer fired
2026-02-06T08:36:17+00:00 current_user_id=10
2026-02-06T08:36:17+00:00 assigned_meta='19'
2026-02-06T08:36:17+00:00 not_assigned current=10 assigned='19'
2026-02-06T08:36:58+00:00 wp_footer fired
2026-02-06T08:36:58+00:00 current_user_id=10
2026-02-06T08:36:58+00:00 assigned_meta='19'
2026-02-06T08:36:58+00:00 not_assigned current=10 assigned='19'
2026-02-06T08:38:05+00:00 wp_footer fired
2026-02-06T08:38:05+00:00 current_user_id=10
2026-02-06T08:38:06+00:00 wp_footer fired
2026-02-06T08:38:06+00:00 current_user_id=10
2026-02-06T08:38:06+00:00 assigned_meta='19'
2026-02-06T08:38:06+00:00 not_assigned current=10 assigned='19'
2026-02-06T08:38:06+00:00 assigned_meta='19'
2026-02-06T08:38:06+00:00 not_assigned current=10 assigned='19'
2026-02-06T09:25:05+00:00 wp_footer fired
2026-02-06T09:25:05+00:00 current_user_id=10
2026-02-06T09:25:05+00:00 assigned_meta='19'
2026-02-06T09:25:05+00:00 not_assigned current=10 assigned='19'
2026-02-06T09:25:08+00:00 wp_footer fired
2026-02-06T09:25:08+00:00 current_user_id=10
2026-02-06T09:25:08+00:00 assigned_meta='19'
2026-02-06T09:25:08+00:00 not_assigned current=10 assigned='19'
2026-02-06T09:25:08+00:00 wp_footer fired
2026-02-06T09:25:08+00:00 current_user_id=10
2026-02-06T09:25:08+00:00 assigned_meta='19'
2026-02-06T09:25:08+00:00 not_assigned current=10 assigned='19'
2026-02-06T09:25:31+00:00 wp_footer fired
2026-02-06T09:25:31+00:00 current_user_id=10
2026-02-06T09:25:31+00:00 assigned_meta='19'
2026-02-06T09:25:31+00:00 not_assigned current=10 assigned='19'
2026-02-06T09:30:23+00:00 wp_footer fired
2026-02-06T09:30:23+00:00 current_user_id=10
2026-02-06T09:30:23+00:00 assigned_meta='19'
2026-02-06T09:30:23+00:00 not_assigned current=10 assigned='19'
2026-02-06T09:31:10+00:00 wp_footer fired
2026-02-06T09:31:10+00:00 current_user_id=10
2026-02-06T09:31:10+00:00 assigned_meta='19'
2026-02-06T09:31:10+00:00 not_assigned current=10 assigned='19'
2026-02-06T10:10:11+00:00 wp_footer fired
2026-02-06T10:10:11+00:00 current_user_id=10
2026-02-06T10:10:11+00:00 assigned_meta='19'
2026-02-06T10:10:11+00:00 not_assigned current=10 assigned='19'
2026-02-06T10:10:34+00:00 wp_footer fired
2026-02-06T10:10:34+00:00 current_user_id=10
2026-02-06T10:10:34+00:00 assigned_meta='19'
2026-02-06T10:10:34+00:00 not_assigned current=10 assigned='19'
2026-02-09T01:04:04+00:00 wp_footer fired
2026-02-09T01:04:04+00:00 no user logged in
2026-02-09T01:04:21+00:00 wp_footer fired
2026-02-09T01:04:21+00:00 no user logged in
2026-02-09T01:04:22+00:00 wp_footer fired
2026-02-09T01:04:22+00:00 no user logged in
2026-02-09T01:04:28+00:00 wp_footer fired
2026-02-09T01:04:28+00:00 no user logged in
2026-02-09T01:04:31+00:00 wp_footer fired
2026-02-09T01:04:31+00:00 no user logged in
2026-02-09T01:04:51+00:00 wp_footer fired
2026-02-09T01:04:51+00:00 current_user_id=10
2026-02-09T01:04:51+00:00 assigned_meta='19'
2026-02-09T01:04:51+00:00 not_assigned current=10 assigned='19'
2026-02-09T01:05:11+00:00 wp_footer fired
2026-02-09T01:05:11+00:00 current_user_id=10
2026-02-09T01:05:11+00:00 assigned_meta='19'
2026-02-09T01:05:11+00:00 not_assigned current=10 assigned='19'
2026-02-09T02:30:03+00:00 wp_footer fired
2026-02-09T02:30:03+00:00 current_user_id=10
2026-02-09T02:30:03+00:00 assigned_meta='19'
2026-02-09T02:30:03+00:00 not_assigned current=10 assigned='19'
2026-02-09T02:30:41+00:00 wp_footer fired
2026-02-09T02:30:41+00:00 current_user_id=10
2026-02-09T02:30:41+00:00 assigned_meta='19'
2026-02-09T02:30:41+00:00 not_assigned current=10 assigned='19'
2026-02-09T02:30:43+00:00 wp_footer fired
2026-02-09T02:30:43+00:00 current_user_id=10
2026-02-09T02:30:43+00:00 assigned_meta='19'
2026-02-09T02:30:43+00:00 not_assigned current=10 assigned='19'
2026-02-09T02:30:47+00:00 wp_footer fired
2026-02-09T02:30:47+00:00 current_user_id=10
2026-02-09T02:30:47+00:00 assigned_meta='19'
2026-02-09T02:30:47+00:00 not_assigned current=10 assigned='19'
2026-02-09T02:31:02+00:00 wp_footer fired
2026-02-09T02:31:02+00:00 current_user_id=10
2026-02-09T02:31:02+00:00 assigned_meta='19'
2026-02-09T02:31:02+00:00 not_assigned current=10 assigned='19'
2026-02-09T02:31:06+00:00 wp_footer fired
2026-02-09T02:31:06+00:00 current_user_id=10
2026-02-09T02:31:06+00:00 assigned_meta='19'
2026-02-09T02:31:06+00:00 not_assigned current=10 assigned='19'
2026-02-09T02:31:08+00:00 wp_footer fired
2026-02-09T02:31:08+00:00 current_user_id=10
2026-02-09T02:31:08+00:00 assigned_meta='19'
2026-02-09T02:31:08+00:00 not_assigned current=10 assigned='19'
2026-02-09T02:31:19+00:00 wp_footer fired
2026-02-09T02:31:19+00:00 current_user_id=10
2026-02-09T02:31:19+00:00 assigned_meta='19'
2026-02-09T02:31:19+00:00 not_assigned current=10 assigned='19'
2026-02-09T02:31:31+00:00 wp_footer fired
2026-02-09T02:31:31+00:00 current_user_id=10
2026-02-09T02:31:31+00:00 assigned_meta='19'
2026-02-09T02:31:31+00:00 not_assigned current=10 assigned='19'
2026-02-09T02:31:38+00:00 wp_footer fired
2026-02-09T02:31:38+00:00 current_user_id=10
2026-02-09T02:31:38+00:00 assigned_meta='19'
2026-02-09T02:31:38+00:00 not_assigned current=10 assigned='19'
2026-02-09T02:31:43+00:00 wp_footer fired
2026-02-09T02:31:43+00:00 current_user_id=10
2026-02-09T02:31:43+00:00 assigned_meta='19'
2026-02-09T02:31:43+00:00 not_assigned current=10 assigned='19'
2026-02-09T02:31:54+00:00 wp_footer fired
2026-02-09T02:31:54+00:00 current_user_id=10
2026-02-09T02:31:54+00:00 assigned_meta='19'
2026-02-09T02:31:54+00:00 not_assigned current=10 assigned='19'
2026-02-09T02:45:56+00:00 wp_footer fired
2026-02-09T02:45:56+00:00 current_user_id=10
2026-02-09T02:45:56+00:00 assigned_meta='19'
2026-02-09T02:45:56+00:00 not_assigned current=10 assigned='19'
2026-02-09T02:46:18+00:00 wp_footer fired
2026-02-09T02:46:18+00:00 current_user_id=10
2026-02-09T02:46:18+00:00 assigned_meta='19'
2026-02-09T02:46:18+00:00 not_assigned current=10 assigned='19'
2026-02-09T02:46:33+00:00 wp_footer fired
2026-02-09T02:46:33+00:00 current_user_id=10
2026-02-09T02:46:33+00:00 assigned_meta='19'
2026-02-09T02:46:33+00:00 not_assigned current=10 assigned='19'
2026-02-09T04:00:48+00:00 wp_footer fired
2026-02-09T04:00:48+00:00 no user logged in
2026-02-09T04:01:56+00:00 wp_footer fired
2026-02-09T04:01:56+00:00 no user logged in
2026-02-09T04:11:17+00:00 wp_footer fired
2026-02-09T04:11:17+00:00 current_user_id=10
2026-02-09T04:11:17+00:00 assigned_meta='19'
2026-02-09T04:11:17+00:00 not_assigned current=10 assigned='19'
2026-02-10T01:25:49+00:00 wp_footer fired
2026-02-10T01:25:49+00:00 no user logged in
2026-02-10T01:31:39+00:00 wp_footer fired
2026-02-10T01:31:39+00:00 no user logged in
2026-02-10T01:31:44+00:00 wp_footer fired
2026-02-10T01:31:44+00:00 no user logged in
2026-02-10T01:33:21+00:00 wp_footer fired
2026-02-10T01:33:21+00:00 no user logged in
2026-02-10T01:33:28+00:00 wp_footer fired
2026-02-10T01:33:28+00:00 no user logged in
2026-02-10T01:33:32+00:00 wp_footer fired
2026-02-10T01:33:32+00:00 no user logged in
2026-02-10T01:33:48+00:00 wp_footer fired
2026-02-10T01:33:48+00:00 current_user_id=18
2026-02-10T01:33:48+00:00 assigned_meta='19'
2026-02-10T01:33:48+00:00 not_assigned current=18 assigned='19'
2026-02-10T01:34:36+00:00 wp_footer fired
2026-02-10T01:34:36+00:00 no user logged in
2026-02-10T01:40:30+00:00 wp_footer fired
2026-02-10T01:40:30+00:00 no user logged in
2026-02-10T01:42:13+00:00 wp_footer fired
2026-02-10T01:42:13+00:00 no user logged in
2026-02-10T01:42:29+00:00 wp_footer fired
2026-02-10T01:42:29+00:00 current_user_id=10
2026-02-10T01:42:29+00:00 assigned_meta='19'
2026-02-10T01:42:29+00:00 not_assigned current=10 assigned='19'
2026-02-10T01:52:23+00:00 wp_footer fired
2026-02-10T01:52:23+00:00 current_user_id=10
2026-02-10T01:52:23+00:00 assigned_meta='19'
2026-02-10T01:52:23+00:00 not_assigned current=10 assigned='19'
2026-02-24T06:45:31+00:00 wp_footer fired
2026-02-24T06:45:31+00:00 no user logged in
2026-02-24T06:45:37+00:00 wp_footer fired
2026-02-24T06:45:37+00:00 no user logged in
2026-02-24T06:46:00+00:00 wp_footer fired
2026-02-24T06:46:00+00:00 no user logged in
2026-02-24T06:46:03+00:00 wp_footer fired
2026-02-24T06:46:03+00:00 no user logged in
2026-02-24T06:46:08+00:00 wp_footer fired
2026-02-24T06:46:08+00:00 no user logged in
2026-02-24T06:54:51+00:00 wp_footer fired
2026-02-24T06:54:51+00:00 no user logged in
2026-02-24T06:54:56+00:00 wp_footer fired
2026-02-24T06:54:56+00:00 no user logged in
2026-02-24T06:55:08+00:00 wp_footer fired
2026-02-24T06:55:08+00:00 current_user_id=10
2026-02-24T06:55:08+00:00 assigned_meta='19'
2026-02-24T06:55:08+00:00 not_assigned current=10 assigned='19'
2026-02-24T06:55:15+00:00 wp_footer fired
2026-02-24T06:55:15+00:00 current_user_id=10
2026-02-24T06:55:15+00:00 assigned_meta='19'
2026-02-24T06:55:15+00:00 not_assigned current=10 assigned='19'
2026-02-24T06:59:53+00:00 wp_footer fired
2026-02-24T06:59:53+00:00 no user logged in
2026-02-24T07:00:52+00:00 wp_footer fired
2026-02-24T07:00:52+00:00 no user logged in
2026-02-25T01:20:59+00:00 wp_footer fired
2026-02-25T01:20:59+00:00 no user logged in
2026-02-25T01:28:31+00:00 wp_footer fired
2026-02-25T01:28:31+00:00 no user logged in
2026-02-25T01:29:05+00:00 wp_footer fired
2026-02-25T01:29:05+00:00 no user logged in
2026-02-25T01:35:49+00:00 wp_footer fired
2026-02-25T01:35:49+00:00 no user logged in
2026-02-25T01:35:56+00:00 wp_footer fired
2026-02-25T01:35:56+00:00 no user logged in
2026-02-25T01:36:02+00:00 wp_footer fired
2026-02-25T01:36:02+00:00 no user logged in
2026-02-25T01:37:06+00:00 wp_footer fired
2026-02-25T01:37:06+00:00 current_user_id=10
2026-02-25T01:37:06+00:00 assigned_meta='19'
2026-02-25T01:37:06+00:00 not_assigned current=10 assigned='19'
2026-02-25T01:37:14+00:00 wp_footer fired
2026-02-25T01:37:14+00:00 current_user_id=10
2026-02-25T01:37:14+00:00 assigned_meta='19'
2026-02-25T01:37:14+00:00 not_assigned current=10 assigned='19'
2026-02-25T02:16:15+00:00 wp_footer fired
2026-02-25T02:16:15+00:00 current_user_id=10
2026-02-25T02:16:15+00:00 assigned_meta='19'
2026-02-25T02:16:15+00:00 not_assigned current=10 assigned='19'
2026-02-25T02:16:24+00:00 wp_footer fired
2026-02-25T02:16:24+00:00 current_user_id=10
2026-02-25T02:16:24+00:00 assigned_meta='19'
2026-02-25T02:16:24+00:00 not_assigned current=10 assigned='19'
2026-02-25T02:40:47+00:00 wp_footer fired
2026-02-25T02:40:47+00:00 current_user_id=10
2026-02-25T02:40:47+00:00 assigned_meta='19'
2026-02-25T02:40:47+00:00 not_assigned current=10 assigned='19'
2026-02-25T02:41:10+00:00 wp_footer fired
2026-02-25T02:41:10+00:00 current_user_id=10
2026-02-25T02:41:10+00:00 assigned_meta='19'
2026-02-25T02:41:10+00:00 not_assigned current=10 assigned='19'
2026-02-25T02:44:09+00:00 wp_footer fired
2026-02-25T02:44:09+00:00 current_user_id=10
2026-02-25T02:44:09+00:00 assigned_meta='19'
2026-02-25T02:44:09+00:00 not_assigned current=10 assigned='19'
2026-02-25T02:45:56+00:00 wp_footer fired
2026-02-25T02:45:56+00:00 current_user_id=10
2026-02-25T02:45:56+00:00 assigned_meta='19'
2026-02-25T02:45:56+00:00 not_assigned current=10 assigned='19'
2026-02-25T02:46:14+00:00 wp_footer fired
2026-02-25T02:46:14+00:00 current_user_id=10
2026-02-25T02:46:14+00:00 assigned_meta='19'
2026-02-25T02:46:14+00:00 not_assigned current=10 assigned='19'
2026-02-26T01:27:52+00:00 wp_footer fired
2026-02-26T01:27:52+00:00 no user logged in
2026-02-26T01:28:00+00:00 wp_footer fired
2026-02-26T01:28:00+00:00 no user logged in
2026-02-26T01:28:04+00:00 wp_footer fired
2026-02-26T01:28:04+00:00 no user logged in
2026-02-26T01:28:22+00:00 wp_footer fired
2026-02-26T01:28:22+00:00 current_user_id=18
2026-02-26T01:28:22+00:00 assigned_meta='19'
2026-02-26T01:28:22+00:00 not_assigned current=18 assigned='19'
2026-02-26T01:34:36+00:00 wp_footer fired
2026-02-26T01:34:36+00:00 no user logged in
2026-02-26T01:34:59+00:00 wp_footer fired
2026-02-26T01:34:59+00:00 no user logged in
2026-02-26T01:35:04+00:00 wp_footer fired
2026-02-26T01:35:04+00:00 no user logged in
2026-02-26T01:35:31+00:00 wp_footer fired
2026-02-26T01:35:31+00:00 current_user_id=10
2026-02-26T01:35:31+00:00 assigned_meta='19'
2026-02-26T01:35:31+00:00 not_assigned current=10 assigned='19'
2026-02-26T01:35:36+00:00 wp_footer fired
2026-02-26T01:35:36+00:00 current_user_id=10
2026-02-26T01:35:36+00:00 assigned_meta='19'
2026-02-26T01:35:36+00:00 not_assigned current=10 assigned='19'
2026-02-26T02:13:57+00:00 wp_footer fired
2026-02-26T02:13:57+00:00 current_user_id=10
2026-02-26T02:13:57+00:00 assigned_meta='19'
2026-02-26T02:13:57+00:00 not_assigned current=10 assigned='19'
2026-02-26T02:23:37+00:00 wp_footer fired
2026-02-26T02:23:37+00:00 current_user_id=10
2026-02-26T02:23:37+00:00 assigned_meta='19'
2026-02-26T02:23:37+00:00 not_assigned current=10 assigned='19'
2026-02-26T02:26:02+00:00 wp_footer fired
2026-02-26T02:26:02+00:00 current_user_id=10
2026-02-26T02:26:02+00:00 assigned_meta='19'
2026-02-26T02:26:02+00:00 not_assigned current=10 assigned='19'
2026-02-26T03:44:20+00:00 wp_footer fired
2026-02-26T03:44:20+00:00 no user logged in
2026-02-26T03:44:33+00:00 wp_footer fired
2026-02-26T03:44:33+00:00 no user logged in
2026-02-26T03:44:40+00:00 wp_footer fired
2026-02-26T03:44:40+00:00 no user logged in
2026-02-26T03:48:03+00:00 wp_footer fired
2026-02-26T03:48:03+00:00 no user logged in
2026-02-26T03:48:20+00:00 wp_footer fired
2026-02-26T03:48:20+00:00 current_user_id=10
2026-02-26T03:48:20+00:00 assigned_meta='19'
2026-02-26T03:48:20+00:00 not_assigned current=10 assigned='19'
2026-02-26T03:50:20+00:00 wp_footer fired
2026-02-26T03:50:20+00:00 current_user_id=10
2026-02-26T03:50:20+00:00 assigned_meta='19'
2026-02-26T03:50:20+00:00 not_assigned current=10 assigned='19'
2026-02-26T03:57:43+00:00 wp_footer fired
2026-02-26T03:57:43+00:00 current_user_id=10
2026-02-26T03:57:43+00:00 assigned_meta='19'
2026-02-26T03:57:43+00:00 not_assigned current=10 assigned='19'
2026-02-26T03:58:52+00:00 wp_footer fired
2026-02-26T03:58:52+00:00 no user logged in
2026-02-26T03:58:57+00:00 wp_footer fired
2026-02-26T03:58:57+00:00 no user logged in
2026-02-26T03:59:02+00:00 wp_footer fired
2026-02-26T03:59:02+00:00 no user logged in
2026-02-26T03:59:15+00:00 wp_footer fired
2026-02-26T03:59:15+00:00 current_user_id=19
2026-02-26T03:59:15+00:00 assigned_meta='19'
2026-02-26T03:59:15+00:00 showed_alert_and_banner
2026-02-26T03:59:28+00:00 wp_footer fired
2026-02-26T03:59:28+00:00 current_user_id=19
2026-02-26T03:59:28+00:00 assigned_meta='19'
2026-02-26T03:59:28+00:00 showed_alert_and_banner
2026-02-26T04:04:54+00:00 wp_footer fired
2026-02-26T04:04:54+00:00 current_user_id=10
2026-02-26T04:04:54+00:00 assigned_meta='19'
2026-02-26T04:04:54+00:00 not_assigned current=10 assigned='19'
2026-02-26T04:06:20+00:00 wp_footer fired
2026-02-26T04:06:20+00:00 current_user_id=10
2026-02-26T04:06:20+00:00 assigned_meta='19'
2026-02-26T04:06:20+00:00 not_assigned current=10 assigned='19'
2026-02-26T04:18:41+00:00 wp_footer fired
2026-02-26T04:18:41+00:00 no user logged in
2026-02-26T04:18:43+00:00 wp_footer fired
2026-02-26T04:18:43+00:00 no user logged in
2026-02-26T04:18:46+00:00 wp_footer fired
2026-02-26T04:18:46+00:00 no user logged in
2026-02-26T06:48:55+00:00 wp_footer fired
2026-02-26T06:48:55+00:00 current_user_id=10
2026-02-26T06:48:55+00:00 assigned_meta='19'
2026-02-26T06:48:55+00:00 not_assigned current=10 assigned='19'
2026-02-26T06:53:26+00:00 wp_footer fired
2026-02-26T06:53:26+00:00 current_user_id=10
2026-02-26T06:53:26+00:00 assigned_meta='19'
2026-02-26T06:53:26+00:00 not_assigned current=10 assigned='19'
2026-02-26T07:23:21+00:00 wp_footer fired
2026-02-26T07:23:21+00:00 current_user_id=10
2026-02-26T07:23:21+00:00 assigned_meta='19'
2026-02-26T07:23:21+00:00 not_assigned current=10 assigned='19'
2026-02-27T01:39:18+00:00 wp_footer fired
2026-02-27T01:39:18+00:00 no user logged in
2026-02-27T01:39:25+00:00 wp_footer fired
2026-02-27T01:39:25+00:00 no user logged in
2026-02-27T06:47:33+00:00 wp_footer fired
2026-02-27T06:47:33+00:00 no user logged in
2026-02-27T07:46:41+00:00 wp_footer fired
2026-02-27T07:46:41+00:00 no user logged in
2026-02-27T08:30:59+00:00 wp_footer fired
2026-02-27T08:30:59+00:00 no user logged in
2026-02-27T08:31:04+00:00 wp_footer fired
2026-02-27T08:31:04+00:00 no user logged in
2026-02-27T08:31:29+00:00 wp_footer fired
2026-02-27T08:31:29+00:00 current_user_id=10
2026-02-27T08:31:29+00:00 assigned_meta='19'
2026-02-27T08:31:29+00:00 not_assigned current=10 assigned='19'
2026-02-27T08:31:38+00:00 wp_footer fired
2026-02-27T08:31:38+00:00 current_user_id=10
2026-02-27T08:31:38+00:00 assigned_meta='19'
2026-02-27T08:31:38+00:00 not_assigned current=10 assigned='19'
2026-02-28T01:00:42+00:00 wp_footer fired
2026-02-28T01:00:42+00:00 no user logged in
2026-02-28T01:00:57+00:00 wp_footer fired
2026-02-28T01:00:57+00:00 no user logged in
2026-02-28T01:30:51+00:00 wp_footer fired
2026-02-28T01:30:51+00:00 no user logged in
2026-02-28T01:31:31+00:00 wp_footer fired
2026-02-28T01:31:31+00:00 no user logged in
2026-02-28T01:31:37+00:00 wp_footer fired
2026-02-28T01:31:37+00:00 no user logged in
2026-02-28T01:31:52+00:00 wp_footer fired
2026-02-28T01:31:52+00:00 current_user_id=10
2026-02-28T01:31:52+00:00 assigned_meta='19'
2026-02-28T01:31:52+00:00 not_assigned current=10 assigned='19'
2026-02-28T01:32:04+00:00 wp_footer fired
2026-02-28T01:32:04+00:00 current_user_id=10
2026-02-28T01:32:04+00:00 assigned_meta='19'
2026-02-28T01:32:04+00:00 not_assigned current=10 assigned='19'
2026-02-28T02:19:31+00:00 wp_footer fired
2026-02-28T02:19:31+00:00 current_user_id=10
2026-02-28T02:19:31+00:00 assigned_meta='19'
2026-02-28T02:19:31+00:00 not_assigned current=10 assigned='19'
2026-02-28T07:47:46+00:00 wp_footer fired
2026-02-28T07:47:46+00:00 current_user_id=10
2026-02-28T07:47:46+00:00 assigned_meta='19'
2026-02-28T07:47:46+00:00 not_assigned current=10 assigned='19'
2026-02-28T07:48:50+00:00 wp_footer fired
2026-02-28T07:48:50+00:00 current_user_id=10
2026-02-28T07:48:50+00:00 assigned_meta='19'
2026-02-28T07:48:50+00:00 not_assigned current=10 assigned='19'
2026-03-05T00:58:30+00:00 wp_footer fired
2026-03-05T00:58:30+00:00 no user logged in
2026-03-05T00:59:41+00:00 wp_footer fired
2026-03-05T00:59:41+00:00 no user logged in
2026-03-05T01:01:40+00:00 wp_footer fired
2026-03-05T01:01:40+00:00 no user logged in
2026-03-05T01:02:10+00:00 wp_footer fired
2026-03-05T01:02:10+00:00 no user logged in
2026-03-05T01:03:10+00:00 wp_footer fired
2026-03-05T01:03:10+00:00 current_user_id=10
2026-03-05T01:03:10+00:00 assigned_meta='19'
2026-03-05T01:03:10+00:00 not_assigned current=10 assigned='19'
2026-03-05T01:03:16+00:00 wp_footer fired
2026-03-05T01:03:16+00:00 current_user_id=10
2026-03-05T01:03:16+00:00 assigned_meta='19'
2026-03-05T01:03:16+00:00 not_assigned current=10 assigned='19'
2026-03-05T06:20:43+00:00 wp_footer fired
2026-03-05T06:20:43+00:00 no user logged in
2026-03-05T06:20:46+00:00 wp_footer fired
2026-03-05T06:20:46+00:00 no user logged in
2026-03-05T06:20:49+00:00 wp_footer fired
2026-03-05T06:20:49+00:00 no user logged in
2026-03-05T07:33:33+00:00 wp_footer fired
2026-03-05T07:33:33+00:00 current_user_id=10
2026-03-05T07:33:33+00:00 assigned_meta='19'
2026-03-05T07:33:33+00:00 not_assigned current=10 assigned='19'
2026-03-05T07:38:16+00:00 wp_footer fired
2026-03-05T07:38:16+00:00 current_user_id=10
2026-03-05T07:38:16+00:00 assigned_meta='19'
2026-03-05T07:38:16+00:00 not_assigned current=10 assigned='19'
2026-03-05T07:38:24+00:00 wp_footer fired
2026-03-05T07:38:24+00:00 current_user_id=10
2026-03-05T07:38:24+00:00 assigned_meta='19'
2026-03-05T07:38:24+00:00 not_assigned current=10 assigned='19'
2026-03-05T07:38:31+00:00 wp_footer fired
2026-03-05T07:38:31+00:00 current_user_id=10
2026-03-05T07:38:31+00:00 assigned_meta='19'
2026-03-05T07:38:31+00:00 not_assigned current=10 assigned='19'
2026-03-05T07:38:43+00:00 wp_footer fired
2026-03-05T07:38:43+00:00 current_user_id=10
2026-03-05T07:38:43+00:00 assigned_meta='19'
2026-03-05T07:38:43+00:00 not_assigned current=10 assigned='19'
2026-03-05T07:38:48+00:00 wp_footer fired
2026-03-05T07:38:48+00:00 current_user_id=10
2026-03-05T07:38:48+00:00 assigned_meta='19'
2026-03-05T07:38:48+00:00 not_assigned current=10 assigned='19'
2026-03-05T07:39:10+00:00 wp_footer fired
2026-03-05T07:39:10+00:00 current_user_id=10
2026-03-05T07:39:10+00:00 assigned_meta='19'
2026-03-05T07:39:10+00:00 not_assigned current=10 assigned='19'
2026-03-05T07:39:15+00:00 wp_footer fired
2026-03-05T07:39:15+00:00 current_user_id=10
2026-03-05T07:39:15+00:00 assigned_meta='19'
2026-03-05T07:39:15+00:00 not_assigned current=10 assigned='19'
2026-03-05T07:39:23+00:00 wp_footer fired
2026-03-05T07:39:23+00:00 current_user_id=10
2026-03-05T07:39:23+00:00 assigned_meta='19'
2026-03-05T07:39:23+00:00 not_assigned current=10 assigned='19'
2026-03-05T07:39:33+00:00 wp_footer fired
2026-03-05T07:39:33+00:00 current_user_id=10
2026-03-05T07:39:33+00:00 assigned_meta='19'
2026-03-05T07:39:33+00:00 not_assigned current=10 assigned='19'
2026-03-05T07:40:08+00:00 wp_footer fired
2026-03-05T07:40:08+00:00 current_user_id=10
2026-03-05T07:40:08+00:00 assigned_meta='19'
2026-03-05T07:40:08+00:00 not_assigned current=10 assigned='19'
2026-03-05T10:27:08+00:00 wp_footer fired
2026-03-05T10:27:08+00:00 current_user_id=10
2026-03-05T10:27:08+00:00 assigned_meta='19'
2026-03-05T10:27:08+00:00 not_assigned current=10 assigned='19'
2026-03-06T01:02:28+00:00 wp_footer fired
2026-03-06T01:02:28+00:00 no user logged in
2026-03-06T01:09:10+00:00 wp_footer fired
2026-03-06T01:09:10+00:00 no user logged in
2026-03-06T01:09:16+00:00 wp_footer fired
2026-03-06T01:09:16+00:00 no user logged in
2026-03-06T01:09:38+00:00 wp_footer fired
2026-03-06T01:09:38+00:00 current_user_id=10
2026-03-06T01:09:38+00:00 assigned_meta='19'
2026-03-06T01:09:38+00:00 not_assigned current=10 assigned='19'
2026-03-06T01:10:55+00:00 wp_footer fired
2026-03-06T01:10:55+00:00 current_user_id=10
2026-03-06T01:10:55+00:00 assigned_meta='19'
2026-03-06T01:10:55+00:00 not_assigned current=10 assigned='19'
2026-03-06T01:39:33+00:00 wp_footer fired
2026-03-06T01:39:33+00:00 current_user_id=10
2026-03-06T01:39:33+00:00 assigned_meta='19'
2026-03-06T01:39:33+00:00 not_assigned current=10 assigned='19'
2026-03-06T02:12:03+00:00 wp_footer fired
2026-03-06T02:12:03+00:00 current_user_id=10
2026-03-06T02:12:03+00:00 assigned_meta='19'
2026-03-06T02:12:03+00:00 not_assigned current=10 assigned='19'
2026-03-06T02:25:10+00:00 wp_footer fired
2026-03-06T02:25:10+00:00 current_user_id=10
2026-03-06T02:25:10+00:00 assigned_meta='19'
2026-03-06T02:25:10+00:00 not_assigned current=10 assigned='19'
2026-03-06T02:31:06+00:00 wp_footer fired
2026-03-06T02:31:06+00:00 current_user_id=10
2026-03-06T02:31:06+00:00 assigned_meta='19'
2026-03-06T02:31:06+00:00 not_assigned current=10 assigned='19'
2026-03-06T02:40:08+00:00 wp_footer fired
2026-03-06T02:40:08+00:00 current_user_id=10
2026-03-06T02:40:08+00:00 assigned_meta='19'
2026-03-06T02:40:08+00:00 not_assigned current=10 assigned='19'
2026-03-06T02:40:59+00:00 wp_footer fired
2026-03-06T02:40:59+00:00 current_user_id=10
2026-03-06T02:40:59+00:00 assigned_meta='19'
2026-03-06T02:40:59+00:00 not_assigned current=10 assigned='19'
2026-03-06T02:41:07+00:00 wp_footer fired
2026-03-06T02:41:07+00:00 current_user_id=10
2026-03-06T02:41:07+00:00 assigned_meta='19'
2026-03-06T02:41:07+00:00 not_assigned current=10 assigned='19'
2026-03-06T02:41:10+00:00 wp_footer fired
2026-03-06T02:41:10+00:00 current_user_id=10
2026-03-06T02:41:10+00:00 assigned_meta='19'
2026-03-06T02:41:10+00:00 not_assigned current=10 assigned='19'
2026-03-06T04:31:37+00:00 wp_footer fired
2026-03-06T04:31:37+00:00 current_user_id=10
2026-03-06T04:31:37+00:00 assigned_meta='19'
2026-03-06T04:31:37+00:00 not_assigned current=10 assigned='19'
2026-03-06T04:50:20+00:00 wp_footer fired
2026-03-06T04:50:20+00:00 current_user_id=10
2026-03-06T04:50:20+00:00 assigned_meta='19'
2026-03-06T04:50:20+00:00 not_assigned current=10 assigned='19'
2026-03-06T04:55:08+00:00 wp_footer fired
2026-03-06T04:55:08+00:00 current_user_id=10
2026-03-06T04:55:08+00:00 assigned_meta='19'
2026-03-06T04:55:08+00:00 not_assigned current=10 assigned='19'
2026-03-06T05:05:50+00:00 wp_footer fired
2026-03-06T05:05:50+00:00 current_user_id=10
2026-03-06T05:05:50+00:00 assigned_meta='19'
2026-03-06T05:05:50+00:00 not_assigned current=10 assigned='19'
2026-03-06T05:21:43+00:00 wp_footer fired
2026-03-06T05:21:43+00:00 current_user_id=10
2026-03-06T05:21:43+00:00 assigned_meta='19'
2026-03-06T05:21:43+00:00 not_assigned current=10 assigned='19'
2026-03-06T06:47:34+00:00 wp_footer fired
2026-03-06T06:47:34+00:00 current_user_id=10
2026-03-06T06:47:34+00:00 assigned_meta='19'
2026-03-06T06:47:34+00:00 not_assigned current=10 assigned='19'
2026-03-06T07:05:44+00:00 wp_footer fired
2026-03-06T07:05:44+00:00 current_user_id=10
2026-03-06T07:05:44+00:00 assigned_meta='19'
2026-03-06T07:05:44+00:00 not_assigned current=10 assigned='19'
2026-03-06T07:19:47+00:00 wp_footer fired
2026-03-06T07:19:47+00:00 current_user_id=10
2026-03-06T07:19:47+00:00 assigned_meta='19'
2026-03-06T07:19:47+00:00 not_assigned current=10 assigned='19'
2026-03-06T07:27:42+00:00 wp_footer fired
2026-03-06T07:27:42+00:00 current_user_id=10
2026-03-06T07:27:42+00:00 assigned_meta='19'
2026-03-06T07:27:42+00:00 not_assigned current=10 assigned='19'
2026-03-06T08:32:25+00:00 wp_footer fired
2026-03-06T08:32:25+00:00 current_user_id=10
2026-03-06T08:32:25+00:00 assigned_meta='19'
2026-03-06T08:32:25+00:00 not_assigned current=10 assigned='19'
2026-03-06T08:59:02+00:00 wp_footer fired
2026-03-06T08:59:02+00:00 current_user_id=10
2026-03-06T08:59:02+00:00 assigned_meta='19'
2026-03-06T08:59:02+00:00 not_assigned current=10 assigned='19'
2026-03-06T09:15:25+00:00 wp_footer fired
2026-03-06T09:15:25+00:00 current_user_id=10
2026-03-06T09:15:25+00:00 assigned_meta='19'
2026-03-06T09:15:25+00:00 not_assigned current=10 assigned='19'
2026-03-06T09:30:14+00:00 wp_footer fired
2026-03-06T09:30:14+00:00 current_user_id=10
2026-03-06T09:30:14+00:00 assigned_meta='19'
2026-03-06T09:30:14+00:00 not_assigned current=10 assigned='19'
2026-03-07T01:06:45+00:00 wp_footer fired
2026-03-07T01:06:45+00:00 no user logged in
2026-03-07T01:07:04+00:00 wp_footer fired
2026-03-07T01:07:04+00:00 no user logged in
2026-03-07T01:11:54+00:00 wp_footer fired
2026-03-07T01:11:54+00:00 no user logged in
2026-03-07T01:11:59+00:00 wp_footer fired
2026-03-07T01:11:59+00:00 no user logged in
2026-03-07T01:12:16+00:00 wp_footer fired
2026-03-07T01:12:16+00:00 current_user_id=10
2026-03-07T01:12:16+00:00 assigned_meta='19'
2026-03-07T01:12:16+00:00 not_assigned current=10 assigned='19'
2026-03-07T01:12:22+00:00 wp_footer fired
2026-03-07T01:12:22+00:00 current_user_id=10
2026-03-07T01:12:22+00:00 assigned_meta='19'
2026-03-07T01:12:22+00:00 not_assigned current=10 assigned='19'
2026-03-07T01:29:24+00:00 wp_footer fired
2026-03-07T01:29:24+00:00 current_user_id=10
2026-03-07T01:29:24+00:00 assigned_meta='19'
2026-03-07T01:29:24+00:00 not_assigned current=10 assigned='19'
2026-03-07T01:29:31+00:00 wp_footer fired
2026-03-07T01:29:31+00:00 current_user_id=10
2026-03-07T01:29:31+00:00 assigned_meta='19'
2026-03-07T01:29:31+00:00 not_assigned current=10 assigned='19'
2026-03-07T01:32:17+00:00 wp_footer fired
2026-03-07T01:32:17+00:00 current_user_id=10
2026-03-07T01:32:17+00:00 assigned_meta='19'
2026-03-07T01:32:17+00:00 not_assigned current=10 assigned='19'
2026-03-07T01:42:55+00:00 wp_footer fired
2026-03-07T01:42:55+00:00 current_user_id=10
2026-03-07T01:42:55+00:00 assigned_meta='19'
2026-03-07T01:42:55+00:00 not_assigned current=10 assigned='19'
2026-03-07T01:46:02+00:00 wp_footer fired
2026-03-07T01:46:02+00:00 current_user_id=10
2026-03-07T01:46:02+00:00 assigned_meta='19'
2026-03-07T01:46:02+00:00 not_assigned current=10 assigned='19'
2026-03-07T02:16:40+00:00 wp_footer fired
2026-03-07T02:16:40+00:00 current_user_id=10
2026-03-07T02:16:40+00:00 assigned_meta='19'
2026-03-07T02:16:40+00:00 not_assigned current=10 assigned='19'
2026-03-07T02:18:43+00:00 wp_footer fired
2026-03-07T02:18:43+00:00 current_user_id=10
2026-03-07T02:18:43+00:00 assigned_meta='19'
2026-03-07T02:18:43+00:00 not_assigned current=10 assigned='19'
2026-03-07T02:31:25+00:00 wp_footer fired
2026-03-07T02:31:25+00:00 current_user_id=10
2026-03-07T02:31:25+00:00 assigned_meta='19'
2026-03-07T02:31:25+00:00 not_assigned current=10 assigned='19'
2026-03-07T02:32:09+00:00 wp_footer fired
2026-03-07T02:32:09+00:00 no user logged in
2026-03-07T02:32:17+00:00 wp_footer fired
2026-03-07T02:32:17+00:00 no user logged in
2026-03-07T02:32:24+00:00 wp_footer fired
2026-03-07T02:32:24+00:00 no user logged in
2026-03-07T02:32:45+00:00 wp_footer fired
2026-03-07T02:32:45+00:00 current_user_id=10
2026-03-07T02:32:45+00:00 assigned_meta='19'
2026-03-07T02:32:45+00:00 not_assigned current=10 assigned='19'
2026-03-07T02:32:50+00:00 wp_footer fired
2026-03-07T02:32:50+00:00 current_user_id=10
2026-03-07T02:32:50+00:00 assigned_meta='19'
2026-03-07T02:32:50+00:00 not_assigned current=10 assigned='19'
2026-03-07T02:36:44+00:00 wp_footer fired
2026-03-07T02:36:44+00:00 current_user_id=10
2026-03-07T02:36:44+00:00 assigned_meta='19'
2026-03-07T02:36:44+00:00 not_assigned current=10 assigned='19'
2026-03-07T02:36:55+00:00 wp_footer fired
2026-03-07T02:36:55+00:00 current_user_id=10
2026-03-07T02:36:55+00:00 assigned_meta='19'
2026-03-07T02:36:55+00:00 not_assigned current=10 assigned='19'
2026-03-07T02:56:27+00:00 wp_footer fired
2026-03-07T02:56:27+00:00 current_user_id=10
2026-03-07T02:56:27+00:00 assigned_meta='19'
2026-03-07T02:56:27+00:00 not_assigned current=10 assigned='19'
2026-03-07T02:59:27+00:00 wp_footer fired
2026-03-07T02:59:27+00:00 current_user_id=10
2026-03-07T02:59:27+00:00 assigned_meta='19'
2026-03-07T02:59:27+00:00 not_assigned current=10 assigned='19'
2026-03-07T03:16:09+00:00 wp_footer fired
2026-03-07T03:16:09+00:00 current_user_id=10
2026-03-07T03:16:09+00:00 assigned_meta='19'
2026-03-07T03:16:09+00:00 not_assigned current=10 assigned='19'
2026-03-07T03:24:28+00:00 wp_footer fired
2026-03-07T03:24:28+00:00 current_user_id=10
2026-03-07T03:24:28+00:00 assigned_meta='19'
2026-03-07T03:24:28+00:00 not_assigned current=10 assigned='19'
2026-03-07T03:30:58+00:00 wp_footer fired
2026-03-07T03:30:58+00:00 current_user_id=10
2026-03-07T03:30:58+00:00 assigned_meta='19'
2026-03-07T03:30:58+00:00 not_assigned current=10 assigned='19'
2026-03-07T03:35:59+00:00 wp_footer fired
2026-03-07T03:35:59+00:00 current_user_id=10
2026-03-07T03:35:59+00:00 assigned_meta='19'
2026-03-07T03:35:59+00:00 not_assigned current=10 assigned='19'
2026-03-07T03:38:33+00:00 wp_footer fired
2026-03-07T03:38:33+00:00 current_user_id=10
2026-03-07T03:38:33+00:00 assigned_meta='19'
2026-03-07T03:38:33+00:00 not_assigned current=10 assigned='19'
2026-03-07T04:46:39+00:00 wp_footer fired
2026-03-07T04:46:39+00:00 current_user_id=10
2026-03-07T04:46:39+00:00 assigned_meta='19'
2026-03-07T04:46:39+00:00 not_assigned current=10 assigned='19'
2026-03-07T05:26:38+00:00 wp_footer fired
2026-03-07T05:26:38+00:00 current_user_id=10
2026-03-07T05:26:38+00:00 assigned_meta='19'
2026-03-07T05:26:38+00:00 not_assigned current=10 assigned='19'
2026-03-07T05:28:52+00:00 wp_footer fired
2026-03-07T05:28:52+00:00 current_user_id=10
2026-03-07T05:28:52+00:00 assigned_meta='19'
2026-03-07T05:28:52+00:00 not_assigned current=10 assigned='19'
2026-03-07T05:39:12+00:00 wp_footer fired
2026-03-07T05:39:12+00:00 current_user_id=10
2026-03-07T05:39:12+00:00 assigned_meta='19'
2026-03-07T05:39:12+00:00 not_assigned current=10 assigned='19'
2026-03-07T06:38:51+00:00 wp_footer fired
2026-03-07T06:38:51+00:00 current_user_id=10
2026-03-07T06:38:51+00:00 assigned_meta='19'
2026-03-07T06:38:51+00:00 not_assigned current=10 assigned='19'
2026-03-07T06:43:14+00:00 wp_footer fired
2026-03-07T06:43:14+00:00 current_user_id=10
2026-03-07T06:43:14+00:00 assigned_meta='19'
2026-03-07T06:43:14+00:00 not_assigned current=10 assigned='19'
2026-03-07T07:00:47+00:00 wp_footer fired
2026-03-07T07:00:47+00:00 current_user_id=10
2026-03-07T07:00:47+00:00 assigned_meta='19'
2026-03-07T07:00:47+00:00 not_assigned current=10 assigned='19'
2026-03-07T07:19:55+00:00 wp_footer fired
2026-03-07T07:19:55+00:00 current_user_id=10
2026-03-07T07:19:55+00:00 assigned_meta='19'
2026-03-07T07:19:55+00:00 not_assigned current=10 assigned='19'
2026-03-07T07:25:32+00:00 wp_footer fired
2026-03-07T07:25:32+00:00 current_user_id=10
2026-03-07T07:25:32+00:00 assigned_meta='19'
2026-03-07T07:25:32+00:00 not_assigned current=10 assigned='19'
2026-03-07T07:38:07+00:00 wp_footer fired
2026-03-07T07:38:07+00:00 current_user_id=10
2026-03-07T07:38:07+00:00 assigned_meta='19'
2026-03-07T07:38:07+00:00 not_assigned current=10 assigned='19'
2026-03-07T07:44:20+00:00 wp_footer fired
2026-03-07T07:44:20+00:00 current_user_id=10
2026-03-07T07:44:20+00:00 assigned_meta='19'
2026-03-07T07:44:20+00:00 not_assigned current=10 assigned='19'
2026-03-07T07:48:33+00:00 wp_footer fired
2026-03-07T07:48:33+00:00 current_user_id=10
2026-03-07T07:48:33+00:00 assigned_meta='19'
2026-03-07T07:48:33+00:00 not_assigned current=10 assigned='19'
2026-03-07T07:49:15+00:00 wp_footer fired
2026-03-07T07:49:15+00:00 current_user_id=10
2026-03-07T07:49:15+00:00 assigned_meta='19'
2026-03-07T07:49:15+00:00 not_assigned current=10 assigned='19'
2026-03-07T07:56:10+00:00 wp_footer fired
2026-03-07T07:56:10+00:00 current_user_id=10
2026-03-07T07:56:10+00:00 assigned_meta='19'
2026-03-07T07:56:10+00:00 not_assigned current=10 assigned='19'
2026-03-07T08:26:29+00:00 wp_footer fired
2026-03-07T08:26:29+00:00 current_user_id=10
2026-03-07T08:26:29+00:00 assigned_meta='19'
2026-03-07T08:26:29+00:00 not_assigned current=10 assigned='19'
2026-03-07T08:46:09+00:00 wp_footer fired
2026-03-07T08:46:09+00:00 current_user_id=10
2026-03-07T08:46:09+00:00 assigned_meta='19'
2026-03-07T08:46:09+00:00 not_assigned current=10 assigned='19'
2026-03-07T09:13:17+00:00 wp_footer fired
2026-03-07T09:13:17+00:00 current_user_id=10
2026-03-07T09:13:17+00:00 assigned_meta='19'
2026-03-07T09:13:17+00:00 not_assigned current=10 assigned='19'
2026-03-07T09:28:19+00:00 wp_footer fired
2026-03-07T09:28:19+00:00 current_user_id=10
2026-03-07T09:28:19+00:00 assigned_meta='19'
2026-03-07T09:28:19+00:00 not_assigned current=10 assigned='19'
2026-03-07T09:47:42+00:00 wp_footer fired
2026-03-07T09:47:42+00:00 current_user_id=10
2026-03-07T09:47:42+00:00 assigned_meta='19'
2026-03-07T09:47:42+00:00 not_assigned current=10 assigned='19'
2026-03-07T09:51:21+00:00 wp_footer fired
2026-03-07T09:51:21+00:00 current_user_id=10
2026-03-07T09:51:21+00:00 assigned_meta='19'
2026-03-07T09:51:21+00:00 not_assigned current=10 assigned='19'
2026-03-07T10:00:11+00:00 wp_footer fired
2026-03-07T10:00:11+00:00 current_user_id=10
2026-03-07T10:00:11+00:00 assigned_meta='19'
2026-03-07T10:00:11+00:00 not_assigned current=10 assigned='19'
2026-03-07T10:02:07+00:00 wp_footer fired
2026-03-07T10:02:07+00:00 no user logged in
2026-03-07T10:02:11+00:00 wp_footer fired
2026-03-07T10:02:11+00:00 no user logged in
2026-03-07T10:02:17+00:00 wp_footer fired
2026-03-07T10:02:17+00:00 no user logged in
2026-03-07T10:02:21+00:00 wp_footer fired
2026-03-07T10:02:21+00:00 no user logged in
2026-03-07T10:02:33+00:00 wp_footer fired
2026-03-07T10:02:33+00:00 no user logged in
2026-03-07T10:02:37+00:00 wp_footer fired
2026-03-07T10:02:37+00:00 no user logged in
2026-03-07T10:02:42+00:00 wp_footer fired
2026-03-07T10:02:42+00:00 no user logged in
2026-03-07T10:02:46+00:00 wp_footer fired
2026-03-07T10:02:46+00:00 no user logged in
2026-03-07T10:02:50+00:00 wp_footer fired
2026-03-07T10:02:50+00:00 no user logged in
2026-03-07T10:03:08+00:00 wp_footer fired
2026-03-07T10:03:08+00:00 current_user_id=10
2026-03-07T10:03:08+00:00 assigned_meta='19'
2026-03-07T10:03:08+00:00 not_assigned current=10 assigned='19'
2026-03-07T10:03:11+00:00 wp_footer fired
2026-03-07T10:03:11+00:00 current_user_id=10
2026-03-07T10:03:11+00:00 assigned_meta='19'
2026-03-07T10:03:11+00:00 not_assigned current=10 assigned='19'
2026-03-09T01:09:47+00:00 wp_footer fired
2026-03-09T01:09:47+00:00 no user logged in
2026-03-09T01:13:21+00:00 wp_footer fired
2026-03-09T01:13:21+00:00 no user logged in
2026-03-09T01:16:57+00:00 wp_footer fired
2026-03-09T01:16:57+00:00 no user logged in
2026-03-09T01:17:03+00:00 wp_footer fired
2026-03-09T01:17:03+00:00 no user logged in
2026-03-09T01:17:23+00:00 wp_footer fired
2026-03-09T01:17:23+00:00 current_user_id=10
2026-03-09T01:17:23+00:00 assigned_meta='19'
2026-03-09T01:17:23+00:00 not_assigned current=10 assigned='19'
2026-03-09T01:17:32+00:00 wp_footer fired
2026-03-09T01:17:32+00:00 current_user_id=10
2026-03-09T01:17:32+00:00 assigned_meta='19'
2026-03-09T01:17:32+00:00 not_assigned current=10 assigned='19'
2026-03-09T01:50:59+00:00 wp_footer fired
2026-03-09T01:50:59+00:00 current_user_id=10
2026-03-09T01:50:59+00:00 assigned_meta='19'
2026-03-09T01:50:59+00:00 not_assigned current=10 assigned='19'
2026-03-09T02:51:02+00:00 wp_footer fired
2026-03-09T02:51:02+00:00 current_user_id=10
2026-03-09T02:51:02+00:00 assigned_meta='19'
2026-03-09T02:51:02+00:00 not_assigned current=10 assigned='19'
2026-03-09T02:52:07+00:00 wp_footer fired
2026-03-09T02:52:07+00:00 current_user_id=10
2026-03-09T02:52:07+00:00 assigned_meta='19'
2026-03-09T02:52:07+00:00 not_assigned current=10 assigned='19'
2026-03-09T02:57:42+00:00 wp_footer fired
2026-03-09T02:57:42+00:00 current_user_id=10
2026-03-09T02:57:42+00:00 assigned_meta='19'
2026-03-09T02:57:42+00:00 not_assigned current=10 assigned='19'
2026-03-09T03:16:40+00:00 wp_footer fired
2026-03-09T03:16:40+00:00 current_user_id=10
2026-03-09T03:16:40+00:00 assigned_meta='19'
2026-03-09T03:16:40+00:00 not_assigned current=10 assigned='19'
2026-03-09T03:29:52+00:00 wp_footer fired
2026-03-09T03:29:52+00:00 current_user_id=10
2026-03-09T03:29:52+00:00 assigned_meta='19'
2026-03-09T03:29:52+00:00 not_assigned current=10 assigned='19'
2026-03-09T03:30:24+00:00 wp_footer fired
2026-03-09T03:30:24+00:00 no user logged in
2026-03-09T03:30:28+00:00 wp_footer fired
2026-03-09T03:30:28+00:00 no user logged in
2026-03-09T03:30:46+00:00 wp_footer fired
2026-03-09T03:30:46+00:00 current_user_id=10
2026-03-09T03:30:46+00:00 assigned_meta='19'
2026-03-09T03:30:46+00:00 not_assigned current=10 assigned='19'
2026-03-09T03:31:17+00:00 wp_footer fired
2026-03-09T03:31:17+00:00 no user logged in
2026-03-09T03:37:45+00:00 wp_footer fired
2026-03-09T03:37:45+00:00 no user logged in
2026-03-09T03:37:50+00:00 wp_footer fired
2026-03-09T03:37:50+00:00 no user logged in
2026-03-09T03:38:09+00:00 wp_footer fired
2026-03-09T03:38:09+00:00 current_user_id=10
2026-03-09T03:38:09+00:00 assigned_meta='19'
2026-03-09T03:38:09+00:00 not_assigned current=10 assigned='19'
2026-03-09T03:38:15+00:00 wp_footer fired
2026-03-09T03:38:15+00:00 current_user_id=10
2026-03-09T03:38:15+00:00 assigned_meta='19'
2026-03-09T03:38:15+00:00 not_assigned current=10 assigned='19'
2026-03-09T03:46:36+00:00 wp_footer fired
2026-03-09T03:46:36+00:00 no user logged in
2026-03-09T03:54:15+00:00 wp_footer fired
2026-03-09T03:54:15+00:00 current_user_id=10
2026-03-09T03:54:15+00:00 assigned_meta='19'
2026-03-09T03:54:15+00:00 not_assigned current=10 assigned='19'
2026-03-09T05:31:49+00:00 wp_footer fired
2026-03-09T05:31:49+00:00 current_user_id=10
2026-03-09T05:31:49+00:00 assigned_meta='19'
2026-03-09T05:31:49+00:00 not_assigned current=10 assigned='19'
2026-03-09T06:33:01+00:00 wp_footer fired
2026-03-09T06:33:01+00:00 current_user_id=10
2026-03-09T06:33:01+00:00 assigned_meta='19'
2026-03-09T06:33:01+00:00 not_assigned current=10 assigned='19'
2026-03-09T06:39:00+00:00 wp_footer fired
2026-03-09T06:39:00+00:00 current_user_id=10
2026-03-09T06:39:00+00:00 assigned_meta='19'
2026-03-09T06:39:00+00:00 not_assigned current=10 assigned='19'
2026-03-09T06:44:46+00:00 wp_footer fired
2026-03-09T06:44:46+00:00 no user logged in
2026-03-09T07:02:00+00:00 wp_footer fired
2026-03-09T07:02:00+00:00 current_user_id=10
2026-03-09T07:02:00+00:00 assigned_meta='19'
2026-03-09T07:02:00+00:00 not_assigned current=10 assigned='19'
2026-03-09T07:12:55+00:00 wp_footer fired
2026-03-09T07:12:55+00:00 current_user_id=10
2026-03-09T07:12:55+00:00 assigned_meta='19'
2026-03-09T07:12:55+00:00 not_assigned current=10 assigned='19'
2026-03-09T07:46:58+00:00 wp_footer fired
2026-03-09T07:46:58+00:00 current_user_id=10
2026-03-09T07:46:58+00:00 assigned_meta='19'
2026-03-09T07:46:58+00:00 not_assigned current=10 assigned='19'
2026-03-09T07:47:36+00:00 wp_footer fired
2026-03-09T07:47:36+00:00 no user logged in
2026-03-09T07:49:48+00:00 wp_footer fired
2026-03-09T07:49:48+00:00 current_user_id=10
2026-03-09T07:49:48+00:00 assigned_meta='19'
2026-03-09T07:49:48+00:00 not_assigned current=10 assigned='19'
2026-03-09T07:54:12+00:00 wp_footer fired
2026-03-09T07:54:12+00:00 current_user_id=10
2026-03-09T07:54:12+00:00 assigned_meta='19'
2026-03-09T07:54:12+00:00 not_assigned current=10 assigned='19'
2026-03-09T08:33:08+00:00 wp_footer fired
2026-03-09T08:33:08+00:00 current_user_id=10
2026-03-09T08:33:08+00:00 assigned_meta='19'
2026-03-09T08:33:08+00:00 not_assigned current=10 assigned='19'
2026-03-09T08:39:11+00:00 wp_footer fired
2026-03-09T08:39:11+00:00 current_user_id=10
2026-03-09T08:39:11+00:00 assigned_meta='19'
2026-03-09T08:39:11+00:00 not_assigned current=10 assigned='19'
2026-03-09T08:41:42+00:00 wp_footer fired
2026-03-09T08:41:42+00:00 no user logged in
2026-03-09T08:41:54+00:00 wp_footer fired
2026-03-09T08:41:54+00:00 current_user_id=10
2026-03-09T08:41:54+00:00 assigned_meta='19'
2026-03-09T08:41:54+00:00 not_assigned current=10 assigned='19'
2026-03-09T08:43:43+00:00 wp_footer fired
2026-03-09T08:43:43+00:00 current_user_id=10
2026-03-09T08:43:43+00:00 assigned_meta='19'
2026-03-09T08:43:43+00:00 not_assigned current=10 assigned='19'
2026-03-09T08:52:33+00:00 wp_footer fired
2026-03-09T08:52:33+00:00 no user logged in
2026-03-09T08:52:45+00:00 wp_footer fired
2026-03-09T08:52:45+00:00 no user logged in
2026-03-09T08:52:51+00:00 wp_footer fired
2026-03-09T08:52:51+00:00 no user logged in
2026-03-09T08:53:05+00:00 wp_footer fired
2026-03-09T08:53:05+00:00 current_user_id=10
2026-03-09T08:53:05+00:00 assigned_meta='19'
2026-03-09T08:53:05+00:00 not_assigned current=10 assigned='19'
2026-03-09T08:53:12+00:00 wp_footer fired
2026-03-09T08:53:12+00:00 current_user_id=10
2026-03-09T08:53:12+00:00 assigned_meta='19'
2026-03-09T08:53:12+00:00 not_assigned current=10 assigned='19'
2026-03-09T09:18:45+00:00 wp_footer fired
2026-03-09T09:18:45+00:00 no user logged in
2026-03-09T09:20:09+00:00 wp_footer fired
2026-03-09T09:20:09+00:00 current_user_id=10
2026-03-09T09:20:09+00:00 assigned_meta='19'
2026-03-09T09:20:09+00:00 not_assigned current=10 assigned='19'
2026-03-09T10:25:59+00:00 wp_footer fired
2026-03-09T10:25:59+00:00 current_user_id=10
2026-03-09T10:25:59+00:00 assigned_meta='19'
2026-03-09T10:25:59+00:00 not_assigned current=10 assigned='19'
2026-03-09T10:26:17+00:00 wp_footer fired
2026-03-09T10:26:17+00:00 no user logged in
2026-03-09T10:26:40+00:00 wp_footer fired
2026-03-09T10:26:40+00:00 no user logged in
2026-03-09T10:28:06+00:00 wp_footer fired
2026-03-09T10:28:06+00:00 no user logged in
2026-03-09T10:28:44+00:00 wp_footer fired
2026-03-09T10:28:44+00:00 no user logged in
2026-03-09T10:29:55+00:00 wp_footer fired
2026-03-09T10:29:55+00:00 no user logged in
2026-03-10T01:21:12+00:00 wp_footer fired
2026-03-10T01:21:12+00:00 no user logged in
2026-03-10T01:21:23+00:00 wp_footer fired
2026-03-10T01:21:23+00:00 no user logged in
2026-03-10T01:21:32+00:00 wp_footer fired
2026-03-10T01:21:32+00:00 no user logged in
2026-03-10T01:21:53+00:00 wp_footer fired
2026-03-10T01:21:53+00:00 current_user_id=10
2026-03-10T01:21:53+00:00 assigned_meta='19'
2026-03-10T01:21:53+00:00 not_assigned current=10 assigned='19'
2026-03-10T01:22:00+00:00 wp_footer fired
2026-03-10T01:22:00+00:00 current_user_id=10
2026-03-10T01:22:00+00:00 assigned_meta='19'
2026-03-10T01:22:00+00:00 not_assigned current=10 assigned='19'
2026-03-10T01:22:27+00:00 wp_footer fired
2026-03-10T01:22:27+00:00 current_user_id=10
2026-03-10T01:22:27+00:00 assigned_meta='19'
2026-03-10T01:22:27+00:00 not_assigned current=10 assigned='19'
2026-03-10T01:41:39+00:00 wp_footer fired
2026-03-10T01:41:39+00:00 current_user_id=10
2026-03-10T01:41:39+00:00 assigned_meta='19'
2026-03-10T01:41:39+00:00 not_assigned current=10 assigned='19'
2026-03-10T01:43:13+00:00 wp_footer fired
2026-03-10T01:43:13+00:00 no user logged in
2026-03-10T01:43:23+00:00 wp_footer fired
2026-03-10T01:43:23+00:00 no user logged in
2026-03-10T01:43:28+00:00 wp_footer fired
2026-03-10T01:43:28+00:00 no user logged in
2026-03-10T01:43:40+00:00 wp_footer fired
2026-03-10T01:43:40+00:00 no user logged in
2026-03-10T01:43:59+00:00 wp_footer fired
2026-03-10T01:43:59+00:00 current_user_id=10
2026-03-10T01:43:59+00:00 assigned_meta='19'
2026-03-10T01:43:59+00:00 not_assigned current=10 assigned='19'
2026-03-10T01:44:05+00:00 wp_footer fired
2026-03-10T01:44:05+00:00 current_user_id=10
2026-03-10T01:44:05+00:00 assigned_meta='19'
2026-03-10T01:44:05+00:00 not_assigned current=10 assigned='19'
2026-03-10T01:45:57+00:00 wp_footer fired
2026-03-10T01:45:57+00:00 no user logged in
2026-03-10T01:51:11+00:00 wp_footer fired
2026-03-10T01:51:11+00:00 no user logged in
2026-03-10T02:05:52+00:00 wp_footer fired
2026-03-10T02:05:52+00:00 current_user_id=10
2026-03-10T02:05:52+00:00 assigned_meta='19'
2026-03-10T02:05:52+00:00 not_assigned current=10 assigned='19'
2026-03-10T02:08:48+00:00 wp_footer fired
2026-03-10T02:08:48+00:00 current_user_id=10
2026-03-10T02:08:48+00:00 assigned_meta='19'
2026-03-10T02:08:48+00:00 not_assigned current=10 assigned='19'
2026-03-10T02:10:31+00:00 wp_footer fired
2026-03-10T02:10:31+00:00 current_user_id=10
2026-03-10T02:10:31+00:00 assigned_meta='19'
2026-03-10T02:10:31+00:00 not_assigned current=10 assigned='19'
2026-03-10T03:16:14+00:00 wp_footer fired
2026-03-10T03:16:14+00:00 current_user_id=10
2026-03-10T03:16:14+00:00 assigned_meta='19'
2026-03-10T03:16:14+00:00 not_assigned current=10 assigned='19'
2026-03-10T03:27:22+00:00 wp_footer fired
2026-03-10T03:27:22+00:00 current_user_id=10
2026-03-10T03:27:22+00:00 assigned_meta='19'
2026-03-10T03:27:22+00:00 not_assigned current=10 assigned='19'
2026-03-10T03:32:03+00:00 wp_footer fired
2026-03-10T03:32:03+00:00 current_user_id=10
2026-03-10T03:32:03+00:00 assigned_meta='19'
2026-03-10T03:32:03+00:00 not_assigned current=10 assigned='19'
2026-03-10T03:35:29+00:00 wp_footer fired
2026-03-10T03:35:29+00:00 current_user_id=10
2026-03-10T03:35:29+00:00 assigned_meta='19'
2026-03-10T03:35:29+00:00 not_assigned current=10 assigned='19'
2026-03-10T03:51:59+00:00 wp_footer fired
2026-03-10T03:51:59+00:00 current_user_id=10
2026-03-10T03:51:59+00:00 assigned_meta='19'
2026-03-10T03:51:59+00:00 not_assigned current=10 assigned='19'
2026-03-10T03:53:43+00:00 wp_footer fired
2026-03-10T03:53:43+00:00 current_user_id=10
2026-03-10T03:53:43+00:00 assigned_meta='19'
2026-03-10T03:53:43+00:00 not_assigned current=10 assigned='19'
2026-03-10T04:03:41+00:00 wp_footer fired
2026-03-10T04:03:41+00:00 current_user_id=10
2026-03-10T04:03:41+00:00 assigned_meta='19'
2026-03-10T04:03:41+00:00 not_assigned current=10 assigned='19'
2026-03-10T04:06:40+00:00 wp_footer fired
2026-03-10T04:06:40+00:00 no user logged in
2026-03-10T04:06:49+00:00 wp_footer fired
2026-03-10T04:06:49+00:00 no user logged in
2026-03-10T04:06:53+00:00 wp_footer fired
2026-03-10T04:06:53+00:00 no user logged in
2026-03-10T04:06:58+00:00 wp_footer fired
2026-03-10T04:06:58+00:00 no user logged in
2026-03-10T04:07:21+00:00 wp_footer fired
2026-03-10T04:07:21+00:00 current_user_id=10
2026-03-10T04:07:21+00:00 assigned_meta='19'
2026-03-10T04:07:21+00:00 not_assigned current=10 assigned='19'
2026-03-10T04:07:25+00:00 wp_footer fired
2026-03-10T04:07:25+00:00 current_user_id=10
2026-03-10T04:07:25+00:00 assigned_meta='19'
2026-03-10T04:07:25+00:00 not_assigned current=10 assigned='19'
2026-03-10T04:11:46+00:00 wp_footer fired
2026-03-10T04:11:46+00:00 no user logged in
2026-03-10T04:16:25+00:00 wp_footer fired
2026-03-10T04:16:25+00:00 no user logged in
2026-03-10T04:28:20+00:00 wp_footer fired
2026-03-10T04:28:20+00:00 current_user_id=10
2026-03-10T04:28:20+00:00 assigned_meta='19'
2026-03-10T04:28:20+00:00 not_assigned current=10 assigned='19'
2026-03-10T05:06:56+00:00 wp_footer fired
2026-03-10T05:06:56+00:00 current_user_id=10
2026-03-10T05:06:56+00:00 assigned_meta='19'
2026-03-10T05:06:56+00:00 not_assigned current=10 assigned='19'
2026-03-10T05:28:06+00:00 wp_footer fired
2026-03-10T05:28:06+00:00 current_user_id=10
2026-03-10T05:28:06+00:00 assigned_meta='19'
2026-03-10T05:28:06+00:00 not_assigned current=10 assigned='19'
2026-03-10T05:38:53+00:00 wp_footer fired
2026-03-10T05:38:53+00:00 current_user_id=10
2026-03-10T05:38:53+00:00 assigned_meta='19'
2026-03-10T05:38:53+00:00 not_assigned current=10 assigned='19'
2026-03-10T06:41:41+00:00 wp_footer fired
2026-03-10T06:41:41+00:00 current_user_id=10
2026-03-10T06:41:41+00:00 assigned_meta='19'
2026-03-10T06:41:41+00:00 not_assigned current=10 assigned='19'
2026-03-10T07:03:04+00:00 wp_footer fired
2026-03-10T07:03:04+00:00 current_user_id=10
2026-03-10T07:03:04+00:00 assigned_meta='19'
2026-03-10T07:03:04+00:00 not_assigned current=10 assigned='19'
2026-03-10T07:35:07+00:00 wp_footer fired
2026-03-10T07:35:07+00:00 current_user_id=10
2026-03-10T07:35:07+00:00 assigned_meta='19'
2026-03-10T07:35:07+00:00 not_assigned current=10 assigned='19'
2026-03-10T07:52:18+00:00 wp_footer fired
2026-03-10T07:52:18+00:00 current_user_id=10
2026-03-10T07:52:18+00:00 assigned_meta='19'
2026-03-10T07:52:18+00:00 not_assigned current=10 assigned='19'
2026-03-10T08:24:04+00:00 wp_footer fired
2026-03-10T08:24:04+00:00 current_user_id=10
2026-03-10T08:24:04+00:00 assigned_meta='19'
2026-03-10T08:24:04+00:00 not_assigned current=10 assigned='19'
2026-03-10T08:54:18+00:00 wp_footer fired
2026-03-10T08:54:18+00:00 current_user_id=10
2026-03-10T08:54:18+00:00 assigned_meta='19'
2026-03-10T08:54:18+00:00 not_assigned current=10 assigned='19'
2026-03-10T08:59:45+00:00 wp_footer fired
2026-03-10T08:59:45+00:00 current_user_id=10
2026-03-10T08:59:45+00:00 assigned_meta='19'
2026-03-10T08:59:45+00:00 not_assigned current=10 assigned='19'
2026-03-10T09:02:24+00:00 wp_footer fired
2026-03-10T09:02:24+00:00 current_user_id=10
2026-03-10T09:02:24+00:00 assigned_meta='19'
2026-03-10T09:02:24+00:00 not_assigned current=10 assigned='19'
2026-03-10T09:02:48+00:00 wp_footer fired
2026-03-10T09:02:48+00:00 current_user_id=10
2026-03-10T09:02:48+00:00 assigned_meta='19'
2026-03-10T09:02:48+00:00 not_assigned current=10 assigned='19'
2026-03-10T09:04:40+00:00 wp_footer fired
2026-03-10T09:04:40+00:00 current_user_id=10
2026-03-10T09:04:40+00:00 assigned_meta='19'
2026-03-10T09:04:40+00:00 not_assigned current=10 assigned='19'
2026-03-10T09:18:13+00:00 wp_footer fired
2026-03-10T09:18:13+00:00 no user logged in
2026-03-10T09:28:43+00:00 wp_footer fired
2026-03-10T09:28:43+00:00 no user logged in
2026-03-10T09:35:29+00:00 wp_footer fired
2026-03-10T09:35:29+00:00 no user logged in
2026-03-10T09:35:34+00:00 wp_footer fired
2026-03-10T09:35:34+00:00 no user logged in
2026-03-10T09:35:49+00:00 wp_footer fired
2026-03-10T09:35:49+00:00 current_user_id=10
2026-03-10T09:35:49+00:00 assigned_meta='19'
2026-03-10T09:35:49+00:00 not_assigned current=10 assigned='19'
2026-03-10T09:35:52+00:00 wp_footer fired
2026-03-10T09:35:52+00:00 current_user_id=10
2026-03-10T09:35:52+00:00 assigned_meta='19'
2026-03-10T09:35:52+00:00 not_assigned current=10 assigned='19'
2026-03-10T09:40:01+00:00 wp_footer fired
2026-03-10T09:40:01+00:00 current_user_id=10
2026-03-10T09:40:01+00:00 assigned_meta='19'
2026-03-10T09:40:01+00:00 not_assigned current=10 assigned='19'
2026-03-10T09:43:37+00:00 wp_footer fired
2026-03-10T09:43:37+00:00 no user logged in
2026-03-10T09:50:26+00:00 wp_footer fired
2026-03-10T09:50:26+00:00 current_user_id=10
2026-03-10T09:50:26+00:00 assigned_meta='19'
2026-03-10T09:50:26+00:00 not_assigned current=10 assigned='19'
2026-03-10T09:51:49+00:00 wp_footer fired
2026-03-10T09:51:49+00:00 current_user_id=10
2026-03-10T09:51:49+00:00 assigned_meta='19'
2026-03-10T09:51:49+00:00 not_assigned current=10 assigned='19'
2026-03-10T09:52:56+00:00 wp_footer fired
2026-03-10T09:52:56+00:00 current_user_id=10
2026-03-10T09:52:56+00:00 assigned_meta='19'
2026-03-10T09:52:56+00:00 not_assigned current=10 assigned='19'
2026-03-10T09:53:08+00:00 wp_footer fired
2026-03-10T09:53:08+00:00 no user logged in
2026-03-10T09:57:32+00:00 wp_footer fired
2026-03-10T09:57:32+00:00 current_user_id=10
2026-03-10T09:57:32+00:00 assigned_meta='19'
2026-03-10T09:57:32+00:00 not_assigned current=10 assigned='19'
2026-03-10T10:00:39+00:00 wp_footer fired
2026-03-10T10:00:39+00:00 current_user_id=10
2026-03-10T10:00:39+00:00 assigned_meta='19'
2026-03-10T10:00:39+00:00 not_assigned current=10 assigned='19'
2026-03-10T10:05:33+00:00 wp_footer fired
2026-03-10T10:05:33+00:00 current_user_id=10
2026-03-10T10:05:33+00:00 assigned_meta='19'
2026-03-10T10:05:33+00:00 not_assigned current=10 assigned='19'
2026-03-11T01:39:40+00:00 wp_footer fired
2026-03-11T01:39:40+00:00 no user logged in
2026-03-11T01:39:47+00:00 wp_footer fired
2026-03-11T01:39:47+00:00 no user logged in
2026-03-11T01:39:53+00:00 wp_footer fired
2026-03-11T01:39:53+00:00 no user logged in
2026-03-11T01:40:15+00:00 wp_footer fired
2026-03-11T01:40:15+00:00 current_user_id=10
2026-03-11T01:40:15+00:00 assigned_meta='19'
2026-03-11T01:40:15+00:00 not_assigned current=10 assigned='19'
2026-03-11T01:41:04+00:00 wp_footer fired
2026-03-11T01:41:04+00:00 current_user_id=10
2026-03-11T01:41:04+00:00 assigned_meta='19'
2026-03-11T01:41:04+00:00 not_assigned current=10 assigned='19'
2026-03-11T01:54:58+00:00 wp_footer fired
2026-03-11T01:54:58+00:00 current_user_id=10
2026-03-11T01:54:58+00:00 assigned_meta='19'
2026-03-11T01:54:58+00:00 not_assigned current=10 assigned='19'
2026-03-11T02:05:08+00:00 wp_footer fired
2026-03-11T02:05:08+00:00 current_user_id=10
2026-03-11T02:05:08+00:00 assigned_meta='19'
2026-03-11T02:05:08+00:00 not_assigned current=10 assigned='19'
2026-03-11T02:09:57+00:00 wp_footer fired
2026-03-11T02:09:57+00:00 current_user_id=10
2026-03-11T02:09:57+00:00 assigned_meta='19'
2026-03-11T02:09:57+00:00 not_assigned current=10 assigned='19'
2026-03-11T02:14:34+00:00 wp_footer fired
2026-03-11T02:14:34+00:00 no user logged in
2026-03-11T02:15:49+00:00 wp_footer fired
2026-03-11T02:15:49+00:00 no user logged in
2026-03-11T02:15:55+00:00 wp_footer fired
2026-03-11T02:15:55+00:00 no user logged in
2026-03-11T02:16:08+00:00 wp_footer fired
2026-03-11T02:16:08+00:00 current_user_id=10
2026-03-11T02:16:08+00:00 assigned_meta='19'
2026-03-11T02:16:08+00:00 not_assigned current=10 assigned='19'
2026-03-11T02:16:13+00:00 wp_footer fired
2026-03-11T02:16:13+00:00 current_user_id=10
2026-03-11T02:16:13+00:00 assigned_meta='19'
2026-03-11T02:16:13+00:00 not_assigned current=10 assigned='19'
2026-03-11T02:19:32+00:00 wp_footer fired
2026-03-11T02:19:32+00:00 current_user_id=10
2026-03-11T02:19:32+00:00 assigned_meta='19'
2026-03-11T02:19:32+00:00 not_assigned current=10 assigned='19'
2026-03-11T02:33:39+00:00 wp_footer fired
2026-03-11T02:33:39+00:00 current_user_id=10
2026-03-11T02:33:39+00:00 assigned_meta='19'
2026-03-11T02:33:39+00:00 not_assigned current=10 assigned='19'
2026-03-11T03:41:24+00:00 wp_footer fired
2026-03-11T03:41:24+00:00 current_user_id=10
2026-03-11T03:41:24+00:00 assigned_meta='19'
2026-03-11T03:41:24+00:00 not_assigned current=10 assigned='19'
2026-03-11T03:47:44+00:00 wp_footer fired
2026-03-11T03:47:44+00:00 current_user_id=10
2026-03-11T03:47:44+00:00 assigned_meta='19'
2026-03-11T03:47:44+00:00 not_assigned current=10 assigned='19'
2026-03-11T04:06:14+00:00 wp_footer fired
2026-03-11T04:06:14+00:00 current_user_id=10
2026-03-11T04:06:14+00:00 assigned_meta='19'
2026-03-11T04:06:14+00:00 not_assigned current=10 assigned='19'
2026-03-11T04:08:45+00:00 wp_footer fired
2026-03-11T04:08:45+00:00 current_user_id=10
2026-03-11T04:08:45+00:00 assigned_meta='19'
2026-03-11T04:08:45+00:00 not_assigned current=10 assigned='19'
2026-03-11T04:16:38+00:00 wp_footer fired
2026-03-11T04:16:38+00:00 current_user_id=10
2026-03-11T04:16:38+00:00 assigned_meta='19'
2026-03-11T04:16:38+00:00 not_assigned current=10 assigned='19'
2026-03-11T04:17:01+00:00 wp_footer fired
2026-03-11T04:17:01+00:00 current_user_id=10
2026-03-11T04:17:01+00:00 assigned_meta='19'
2026-03-11T04:17:01+00:00 not_assigned current=10 assigned='19'
2026-03-11T04:23:08+00:00 wp_footer fired
2026-03-11T04:23:08+00:00 current_user_id=10
2026-03-11T04:23:08+00:00 assigned_meta='19'
2026-03-11T04:23:08+00:00 not_assigned current=10 assigned='19'
2026-03-11T04:26:21+00:00 wp_footer fired
2026-03-11T04:26:21+00:00 current_user_id=10
2026-03-11T04:26:21+00:00 assigned_meta='19'
2026-03-11T04:26:21+00:00 not_assigned current=10 assigned='19'
2026-03-11T04:37:04+00:00 wp_footer fired
2026-03-11T04:37:04+00:00 current_user_id=10
2026-03-11T04:37:04+00:00 assigned_meta='19'
2026-03-11T04:37:04+00:00 not_assigned current=10 assigned='19'
2026-03-11T04:37:32+00:00 wp_footer fired
2026-03-11T04:37:32+00:00 current_user_id=10
2026-03-11T04:37:32+00:00 assigned_meta='19'
2026-03-11T04:37:32+00:00 not_assigned current=10 assigned='19'
2026-03-11T09:03:50+00:00 wp_footer fired
2026-03-11T09:03:50+00:00 current_user_id=1
2026-03-11T09:03:50+00:00 assigned_meta='19'
2026-03-11T09:03:50+00:00 not_assigned current=1 assigned='19'
2026-03-11T09:03:59+00:00 wp_footer fired
2026-03-11T09:03:59+00:00 current_user_id=1
2026-03-11T09:03:59+00:00 assigned_meta='19'
2026-03-11T09:03:59+00:00 not_assigned current=1 assigned='19'
2026-03-11T09:08:20+00:00 wp_footer fired
2026-03-11T09:08:20+00:00 current_user_id=10
2026-03-11T09:08:20+00:00 assigned_meta='19'
2026-03-11T09:08:20+00:00 not_assigned current=10 assigned='19'
2026-03-11T09:08:29+00:00 wp_footer fired
2026-03-11T09:08:29+00:00 current_user_id=10
2026-03-11T09:08:29+00:00 assigned_meta='19'
2026-03-11T09:08:29+00:00 not_assigned current=10 assigned='19'
2026-03-11T09:09:11+00:00 wp_footer fired
2026-03-11T09:09:11+00:00 current_user_id=10
2026-03-11T09:09:11+00:00 assigned_meta='19'
2026-03-11T09:09:11+00:00 not_assigned current=10 assigned='19'
2026-03-11T09:09:18+00:00 wp_footer fired
2026-03-11T09:09:18+00:00 current_user_id=10
2026-03-11T09:09:18+00:00 assigned_meta='19'
2026-03-11T09:09:18+00:00 not_assigned current=10 assigned='19'
2026-03-11T09:09:22+00:00 wp_footer fired
2026-03-11T09:09:22+00:00 current_user_id=10
2026-03-11T09:09:22+00:00 assigned_meta='19'
2026-03-11T09:09:22+00:00 not_assigned current=10 assigned='19'
2026-03-11T09:09:25+00:00 wp_footer fired
2026-03-11T09:09:25+00:00 current_user_id=10
2026-03-11T09:09:25+00:00 assigned_meta='19'
2026-03-11T09:09:25+00:00 not_assigned current=10 assigned='19'
2026-03-11T09:10:48+00:00 wp_footer fired
2026-03-11T09:10:48+00:00 current_user_id=10
2026-03-11T09:10:48+00:00 assigned_meta='19'
2026-03-11T09:10:48+00:00 not_assigned current=10 assigned='19'
2026-03-11T09:10:52+00:00 wp_footer fired
2026-03-11T09:10:52+00:00 current_user_id=10
2026-03-11T09:10:52+00:00 assigned_meta='19'
2026-03-11T09:10:52+00:00 not_assigned current=10 assigned='19'
2026-03-11T09:14:12+00:00 wp_footer fired
2026-03-11T09:14:12+00:00 current_user_id=10
2026-03-11T09:14:12+00:00 assigned_meta='19'
2026-03-11T09:14:12+00:00 not_assigned current=10 assigned='19'
2026-03-11T09:14:15+00:00 wp_footer fired
2026-03-11T09:14:15+00:00 current_user_id=10
2026-03-11T09:14:15+00:00 assigned_meta='19'
2026-03-11T09:14:15+00:00 not_assigned current=10 assigned='19'
2026-03-11T09:14:20+00:00 wp_footer fired
2026-03-11T09:14:20+00:00 current_user_id=10
2026-03-11T09:14:20+00:00 assigned_meta='19'
2026-03-11T09:14:20+00:00 not_assigned current=10 assigned='19'
2026-03-11T09:14:23+00:00 wp_footer fired
2026-03-11T09:14:23+00:00 current_user_id=10
2026-03-11T09:14:23+00:00 assigned_meta='19'
2026-03-11T09:14:23+00:00 not_assigned current=10 assigned='19'
2026-03-11T09:17:13+00:00 wp_footer fired
2026-03-11T09:17:13+00:00 current_user_id=10
2026-03-11T09:17:13+00:00 assigned_meta='19'
2026-03-11T09:17:13+00:00 not_assigned current=10 assigned='19'
2026-03-11T09:17:16+00:00 wp_footer fired
2026-03-11T09:17:16+00:00 current_user_id=10
2026-03-11T09:17:16+00:00 assigned_meta='19'
2026-03-11T09:17:16+00:00 not_assigned current=10 assigned='19'
2026-03-11T09:17:20+00:00 wp_footer fired
2026-03-11T09:17:20+00:00 current_user_id=10
2026-03-11T09:17:20+00:00 assigned_meta='19'
2026-03-11T09:17:20+00:00 not_assigned current=10 assigned='19'
2026-03-11T09:17:22+00:00 wp_footer fired
2026-03-11T09:17:22+00:00 current_user_id=10
2026-03-11T09:17:22+00:00 assigned_meta='19'
2026-03-11T09:17:22+00:00 not_assigned current=10 assigned='19'
2026-03-11T09:17:27+00:00 wp_footer fired
2026-03-11T09:17:27+00:00 current_user_id=10
2026-03-11T09:17:27+00:00 assigned_meta='19'
2026-03-11T09:17:27+00:00 not_assigned current=10 assigned='19'
2026-03-11T09:17:29+00:00 wp_footer fired
2026-03-11T09:17:29+00:00 current_user_id=10
2026-03-11T09:17:29+00:00 assigned_meta='19'
2026-03-11T09:17:29+00:00 not_assigned current=10 assigned='19'
2026-03-11T09:17:39+00:00 wp_footer fired
2026-03-11T09:17:39+00:00 current_user_id=10
2026-03-11T09:17:39+00:00 assigned_meta='19'
2026-03-11T09:17:39+00:00 not_assigned current=10 assigned='19'
2026-03-11T09:17:41+00:00 wp_footer fired
2026-03-11T09:17:41+00:00 current_user_id=10
2026-03-11T09:17:41+00:00 assigned_meta='19'
2026-03-11T09:17:41+00:00 not_assigned current=10 assigned='19'
2026-03-11T09:19:29+00:00 wp_footer fired
2026-03-11T09:19:29+00:00 current_user_id=10
2026-03-11T09:19:29+00:00 assigned_meta='19'
2026-03-11T09:19:29+00:00 not_assigned current=10 assigned='19'
2026-03-11T09:19:31+00:00 wp_footer fired
2026-03-11T09:19:31+00:00 current_user_id=10
2026-03-11T09:19:31+00:00 assigned_meta='19'
2026-03-11T09:19:31+00:00 not_assigned current=10 assigned='19'
2026-03-11T09:21:04+00:00 wp_footer fired
2026-03-11T09:21:04+00:00 current_user_id=10
2026-03-11T09:21:04+00:00 assigned_meta='19'
2026-03-11T09:21:04+00:00 not_assigned current=10 assigned='19'
2026-03-11T09:21:07+00:00 wp_footer fired
2026-03-11T09:21:07+00:00 current_user_id=10
2026-03-11T09:21:07+00:00 assigned_meta='19'
2026-03-11T09:21:07+00:00 not_assigned current=10 assigned='19'
2026-03-11T09:21:13+00:00 wp_footer fired
2026-03-11T09:21:13+00:00 current_user_id=10
2026-03-11T09:21:13+00:00 assigned_meta='19'
2026-03-11T09:21:13+00:00 not_assigned current=10 assigned='19'
2026-03-11T09:21:17+00:00 wp_footer fired
2026-03-11T09:21:17+00:00 current_user_id=10
2026-03-11T09:21:17+00:00 assigned_meta='19'
2026-03-11T09:21:17+00:00 not_assigned current=10 assigned='19'
2026-03-11T09:24:13+00:00 wp_footer fired
2026-03-11T09:24:13+00:00 current_user_id=10
2026-03-11T09:24:13+00:00 assigned_meta='19'
2026-03-11T09:24:13+00:00 not_assigned current=10 assigned='19'
2026-03-11T09:24:15+00:00 wp_footer fired
2026-03-11T09:24:15+00:00 current_user_id=10
2026-03-11T09:24:15+00:00 assigned_meta='19'
2026-03-11T09:24:15+00:00 not_assigned current=10 assigned='19'
2026-03-11T09:26:18+00:00 wp_footer fired
2026-03-11T09:26:18+00:00 current_user_id=10
2026-03-11T09:26:18+00:00 assigned_meta='19'
2026-03-11T09:26:18+00:00 not_assigned current=10 assigned='19'
2026-03-11T09:26:21+00:00 wp_footer fired
2026-03-11T09:26:21+00:00 current_user_id=10
2026-03-11T09:26:21+00:00 assigned_meta='19'
2026-03-11T09:26:21+00:00 not_assigned current=10 assigned='19'
2026-03-11T09:40:20+00:00 wp_footer fired
2026-03-11T09:40:20+00:00 current_user_id=10
2026-03-11T09:40:20+00:00 assigned_meta='19'
2026-03-11T09:40:20+00:00 not_assigned current=10 assigned='19'
2026-03-11T09:40:23+00:00 wp_footer fired
2026-03-11T09:40:23+00:00 current_user_id=10
2026-03-11T09:40:23+00:00 assigned_meta='19'
2026-03-11T09:40:23+00:00 not_assigned current=10 assigned='19'
2026-03-11T09:40:29+00:00 wp_footer fired
2026-03-11T09:40:29+00:00 current_user_id=10
2026-03-11T09:40:29+00:00 assigned_meta='19'
2026-03-11T09:40:29+00:00 not_assigned current=10 assigned='19'
2026-03-11T09:40:32+00:00 wp_footer fired
2026-03-11T09:40:32+00:00 current_user_id=10
2026-03-11T09:40:32+00:00 assigned_meta='19'
2026-03-11T09:40:32+00:00 not_assigned current=10 assigned='19'
2026-03-11T09:40:35+00:00 wp_footer fired
2026-03-11T09:40:35+00:00 current_user_id=10
2026-03-11T09:40:35+00:00 assigned_meta='19'
2026-03-11T09:40:35+00:00 not_assigned current=10 assigned='19'
2026-03-11T09:40:41+00:00 wp_footer fired
2026-03-11T09:40:41+00:00 current_user_id=10
2026-03-11T09:40:41+00:00 assigned_meta='19'
2026-03-11T09:40:41+00:00 not_assigned current=10 assigned='19'
2026-03-11T09:40:43+00:00 wp_footer fired
2026-03-11T09:40:43+00:00 current_user_id=10
2026-03-11T09:40:43+00:00 assigned_meta='19'
2026-03-11T09:40:43+00:00 not_assigned current=10 assigned='19'
